source,binarize,gt,lt,vol,features,outputs,h1,h2,epochs,Lambda,Reg,alpha,experiment_time,last_mean_training_loss,last_mean_validation_loss,last_mean_training_loss_derivative,last_mean_validation_loss_derivative,best_last_epoch,best_last_mean_validation_loss
G,True,0,50.0,0,85,2,1,1.0,20.0,0.0001,L2,0.0001,0.6,0.73,0.8,-0.000281376518219,-0.0005990712074299999,19.0,0.8
G,True,0,50.0,0,85,2,1,1.0,20.0,0.0001,L2,0.001,0.59,0.7,0.67,-0.000422908232119,0.000486068111455,8.0,0.66
G,True,0,50.0,0,85,2,1,1.0,20.0,0.0001,L2,0.01,0.6,0.69,0.68,-0.00020917678812400005,-0.00015479876161000002,0.0,0.67
G,True,0,50.0,0,85,2,1,1.0,20.0,0.0001,L2,0.1,0.58,0.65,0.67,-0.00273498650472,0.000411764705882,14.0,0.66
G,True,0,50.0,0,85,2,1,1.0,20.0,0.0001,L1,0.0001,0.58,0.76,0.86,-0.000676619433199,-0.0011013931888499999,19.0,0.86
G,True,0,50.0,0,85,2,1,1.0,20.0,0.0001,L1,0.001,0.6,0.7,0.73,-0.0006739203778680001,-0.00160216718266,19.0,0.73
G,True,0,50.0,0,85,2,1,1.0,20.0,0.0001,L1,0.01,0.59,0.69,0.68,-0.0005295209176790001,-0.000361455108359,19.0,0.68
G,True,0,50.0,0,85,2,1,1.0,20.0,0.0001,L1,0.1,0.61,0.67,0.67,-0.00312837381916,0.00165479876161,14.0,0.66
G,True,0,50.0,0,85,2,1,1.0,20.0,0.001,L2,0.0001,0.63,0.69,0.7,-7.92847503395e-06,-6.19195046441e-05,19.0,0.7
G,True,0,50.0,0,85,2,1,1.0,20.0,0.001,L2,0.001,0.65,0.7,0.68,-0.000217105263158,0.000518575851393,11.0,0.67
G,True,0,50.0,0,85,2,1,1.0,20.0,0.001,L2,0.01,0.61,0.7,0.69,-6.562078272600001e-05,-0.00013931888544900002,19.0,0.69
G,True,0,50.0,0,85,2,1,1.0,20.0,0.001,L2,0.1,0.65,0.66,0.66,-0.00243033063428,0.00100077399381,15.0,0.65
G,True,0,50.0,0,85,2,1,1.0,20.0,0.001,L1,0.0001,0.63,0.77,0.86,-0.000700742240216,-0.0011052631578900001,19.0,0.86
G,True,0,50.0,0,85,2,1,1.0,20.0,0.001,L1,0.001,0.61,0.7,0.68,-0.000311066126856,0.000488390092879,0.0,0.66
G,True,0,50.0,0,85,2,1,1.0,20.0,0.001,L1,0.01,0.6,0.69,0.68,-0.000551788124156,-0.000335913312694,0.0,0.66
G,True,0,50.0,0,85,2,1,1.0,20.0,0.001,L1,0.1,0.57,0.7,0.67,-0.00208805668016,-0.00106578947368,19.0,0.67
G,True,0,50.0,0,85,2,1,1.0,20.0,0.01,L2,0.0001,0.6,0.72,0.78,-0.000266194331984,-0.000517801857585,19.0,0.78
G,True,0,50.0,0,85,2,1,1.0,20.0,0.01,L2,0.001,0.59,0.72,0.67,-0.00114996626181,0.000571981424149,19.0,0.67
G,True,0,50.0,0,85,2,1,1.0,20.0,0.01,L2,0.01,0.59,0.7,0.69,-9.44669365732e-06,-3.01857585139e-05,19.0,0.69
G,True,0,50.0,0,85,2,1,1.0,20.0,0.01,L2,0.1,0.64,0.72,0.68,-5.81983805668e-05,6.65634674923e-05,2.0,0.67
G,True,0,50.0,0,85,2,1,1.0,20.0,0.01,L1,0.0001,0.59,0.87,1.03,-0.00182203103914,-0.00261842105263,19.0,1.03
G,True,0,50.0,0,85,2,1,1.0,20.0,0.01,L1,0.001,0.59,0.72,0.77,-0.0015889001349499998,-0.00313544891641,19.0,0.77
G,True,0,50.0,0,85,2,1,1.0,20.0,0.01,L1,0.01,0.62,0.7,0.69,2.85087719299e-05,9.67492260062e-05,0.0,0.68
G,True,0,50.0,0,85,2,1,1.0,20.0,0.01,L1,0.1,0.58,0.72,0.68,-5.38124156547e-05,3.94736842105e-05,19.0,0.68
G,True,0,50.0,0,85,2,1,1.0,20.0,0.1,L2,0.0001,0.64,0.71,0.66,-0.000183367071525,0.00012306501548000001,19.0,0.66
G,True,0,50.0,0,85,2,1,1.0,20.0,0.1,L2,0.001,0.65,0.7,0.68,-0.00017965587044599995,0.000501547987616,6.0,0.67
G,True,0,50.0,0,85,2,1,1.0,20.0,0.1,L2,0.01,0.63,0.7,0.69,-5.76923076921e-05,-0.000180340557276,0.0,0.68
G,True,0,50.0,0,85,2,1,1.0,20.0,0.1,L2,0.1,0.62,0.72,0.68,-5.43184885289e-05,3.173374613e-05,19.0,0.68
G,True,0,50.0,0,85,2,1,1.0,20.0,0.1,L1,0.0001,0.61,0.83,0.7,-0.00154773954116,-0.0006996904024770001,19.0,0.7
G,True,0,50.0,0,85,2,1,1.0,20.0,0.1,L1,0.001,0.66,0.7,0.71,-0.00019854925776,-0.0005448916408669999,19.0,0.71
G,True,0,50.0,0,85,2,1,1.0,20.0,0.1,L1,0.01,0.63,0.7,0.69,-6.64642375169e-05,7.81733746131e-05,19.0,0.69
G,True,0,50.0,0,85,2,1,1.0,20.0,0.1,L1,0.1,0.61,0.72,0.68,-2.15924426449e-05,-1.16099071208e-05,19.0,0.68
G,True,0,50.0,0,85,2,1,1.0,20.0,1.0,L2,0.0001,0.59,0.7,0.68,-8.33333333333e-05,0.00034442724458199996,10.0,0.67
G,True,0,50.0,0,85,2,1,1.0,20.0,1.0,L2,0.001,0.59,0.69,0.69,-7.05128205128e-05,-5.49535603716e-05,0.0,0.67
G,True,0,50.0,0,85,2,1,1.0,20.0,1.0,L2,0.01,0.59,0.7,0.69,-8.940620782939999e-06,-6.96594427252e-06,19.0,0.69
G,True,0,50.0,0,85,2,1,1.0,20.0,1.0,L2,0.1,0.58,0.72,0.68,-1.88933873143e-05,4.02476780186e-05,19.0,0.68
G,True,0,50.0,0,85,2,1,1.0,20.0,1.0,L1,0.0001,0.58,0.69,0.68,5.92105263159e-05,6.57894736842e-05,19.0,0.68
G,True,0,50.0,0,85,2,1,1.0,20.0,1.0,L1,0.001,0.57,0.7,0.7,-0.0005919365722000001,9.13312693499e-05,3.0,0.67
G,True,0,50.0,0,85,2,1,1.0,20.0,1.0,L1,0.01,0.57,0.7,0.69,-1.07962213226e-05,-5.41795665621e-06,0.0,0.68
G,True,0,50.0,0,85,2,1,1.0,20.0,1.0,L1,0.1,0.63,0.71,0.68,-1.51821862349e-05,-9.13312693498e-05,19.0,0.68
G,True,0,50.0,0,85,2,2,2.0,20.0,0.0001,L2,0.0001,0.63,0.78,0.88,-0.00101383265857,-0.0016261609907100001,19.0,0.88
G,True,0,50.0,0,85,2,2,2.0,20.0,0.0001,L2,0.001,0.61,0.72,0.76,-0.00137803643725,-0.0029133126935,19.0,0.76
G,True,0,50.0,0,85,2,2,2.0,20.0,0.0001,L2,0.01,0.61,0.7,0.68,-0.000635458839406,-0.00028792569659400017,0.0,0.66
G,True,0,50.0,0,85,2,2,2.0,20.0,0.0001,L2,0.1,0.61,0.68,0.65,-0.00420226045884,0.000819659442724,19.0,0.65
G,True,0,50.0,0,85,2,2,2.0,20.0,0.0001,L1,0.0001,0.6,0.7,0.67,-6.30904183536e-05,7.66253869969e-05,19.0,0.67
G,True,0,50.0,0,85,2,2,2.0,20.0,0.0001,L1,0.001,0.61,0.69,0.69,1.68690958164e-05,0.00024613003096000003,3.0,0.68
G,True,0,50.0,0,85,2,2,2.0,20.0,0.0001,L1,0.01,0.6,0.7,0.69,-0.00014979757085,-6.73374613004e-05,0.0,0.68
G,True,0,50.0,0,85,2,2,2.0,20.0,0.0001,L1,0.1,0.6,0.66,0.64,-0.004625,-0.0005108359133130001,19.0,0.64
G,True,0,50.0,0,85,2,2,2.0,20.0,0.001,L2,0.0001,0.64,0.69,0.68,-9.44669365721e-06,6.9659442724100005e-06,19.0,0.68
G,True,0,50.0,0,85,2,2,2.0,20.0,0.001,L2,0.001,0.61,0.69,0.7,-3.20512820511e-05,-0.000138544891641,19.0,0.7
G,True,0,50.0,0,85,2,2,2.0,20.0,0.001,L2,0.01,0.62,0.7,0.69,-0.00012314439946,-4.25696594427e-05,1.0,0.68
G,True,0,50.0,0,85,2,2,2.0,20.0,0.001,L2,0.1,0.62,0.65,0.66,-0.00430094466937,-0.0006153250773990001,19.0,0.66
G,True,0,50.0,0,85,2,2,2.0,20.0,0.001,L1,0.0001,0.61,0.71,0.76,-0.00025826585695,-0.000600619195046,19.0,0.76
G,True,0,50.0,0,85,2,2,2.0,20.0,0.001,L1,0.001,0.6,0.69,0.69,-4.84143049931e-05,5.49535603716e-05,17.0,0.68
G,True,0,50.0,0,85,2,2,2.0,20.0,0.001,L1,0.01,0.6,0.7,0.69,-0.000251518218623,-0.000208204334365,19.0,0.69
G,True,0,50.0,0,85,2,2,2.0,20.0,0.001,L1,0.1,0.6,0.66,0.64,-0.00412230094467,0.00146517027864,17.0,0.63
G,True,0,50.0,0,85,2,2,2.0,20.0,0.01,L2,0.0001,0.62,0.75,0.68,-0.000749493927126,-0.000178018575851,19.0,0.68
G,True,0,50.0,0,85,2,2,2.0,20.0,0.01,L2,0.001,0.62,0.77,0.82,-0.004071187584349999,-0.006475232198140001,19.0,0.82
G,True,0,50.0,0,85,2,2,2.0,20.0,0.01,L2,0.01,0.62,0.7,0.69,-1.8556005397799998e-06,2.94117647058e-05,0.0,0.68
G,True,0,50.0,0,85,2,2,2.0,20.0,0.01,L2,0.1,0.62,0.72,0.67,-3.39068825911e-05,0.000131578947368,19.0,0.67
G,True,0,50.0,0,85,2,2,2.0,20.0,0.01,L1,0.0001,0.6,0.73,0.66,-0.00036673414305,1.93498452012e-05,19.0,0.66
G,True,0,50.0,0,85,2,2,2.0,20.0,0.01,L1,0.001,0.59,0.71,0.67,-0.000915148448043,0.0006346749226,19.0,0.67
G,True,0,50.0,0,85,2,2,2.0,20.0,0.01,L1,0.01,0.6,0.7,0.69,-1.3495276654e-06,4.7213622291000004e-05,19.0,0.69
G,True,0,50.0,0,85,2,2,2.0,20.0,0.01,L1,0.1,0.6,0.72,0.68,-0.000107456140351,4.5665634675e-05,6.0,0.67
G,True,0,50.0,0,85,2,2,2.0,20.0,0.1,L2,0.0001,0.63,0.73,0.66,-0.000543016194332,-2.24458204334e-05,19.0,0.66
G,True,0,50.0,0,85,2,2,2.0,20.0,0.1,L2,0.001,0.62,0.73,0.68,-0.00178255735493,0.000554953560372,19.0,0.68
G,True,0,50.0,0,85,2,2,2.0,20.0,0.1,L2,0.01,0.62,0.7,0.69,-2.47975708502e-05,0.000113777089783,19.0,0.69
G,True,0,50.0,0,85,2,2,2.0,20.0,0.1,L2,0.1,0.62,0.72,0.68,-0.00010391363022900004,8.43653250775e-05,14.0,0.67
G,True,0,50.0,0,85,2,2,2.0,20.0,0.1,L1,0.0001,0.61,0.73,0.8,-0.00047503373819199996,-0.0009264705882350001,19.0,0.8
G,True,0,50.0,0,85,2,2,2.0,20.0,0.1,L1,0.001,0.61,0.7,0.68,-0.000282388663968,0.000698142414861,1.0,0.66
G,True,0,50.0,0,85,2,2,2.0,20.0,0.1,L1,0.01,0.6,0.7,0.69,-0.00024443319838099995,0.00014628482972100002,19.0,0.69
G,True,0,50.0,0,85,2,2,2.0,20.0,0.1,L1,0.1,0.6,0.72,0.68,-3.7955465587e-05,-4.95356037151e-05,19.0,0.68
G,True,0,50.0,0,85,2,2,2.0,20.0,1.0,L2,0.0001,0.62,0.7,0.67,-0.00031713900135000005,0.000292569659443,19.0,0.67
G,True,0,50.0,0,85,2,2,2.0,20.0,1.0,L2,0.001,0.62,0.7,0.7,-0.000313259109312,0.00042879256965900014,4.0,0.67
G,True,0,50.0,0,85,2,2,2.0,20.0,1.0,L2,0.01,0.62,0.7,0.69,-2.02429149798e-05,6.346749226e-05,0.0,0.68
G,True,0,50.0,0,85,2,2,2.0,20.0,1.0,L2,0.1,0.63,0.72,0.68,-2.7834008097e-05,-1.93498452012e-05,7.0,0.67
G,True,0,50.0,0,85,2,2,2.0,20.0,1.0,L1,0.0001,0.61,0.7,0.71,-0.000297908232119,-0.000427244582043,19.0,0.71
G,True,0,50.0,0,85,2,2,2.0,20.0,1.0,L1,0.001,0.6,0.69,0.69,-4.7064777328e-05,0.00017647058823500004,0.0,0.67
G,True,0,50.0,0,85,2,2,2.0,20.0,1.0,L1,0.01,0.6,0.7,0.69,-8.60323886642e-06,7.58513931888e-05,1.0,0.68
G,True,0,50.0,0,85,2,2,2.0,20.0,1.0,L1,0.1,0.6,0.71,0.68,-1.65317139e-05,-0.000193498452012,19.0,0.68
G,True,0,50.0,0,85,2,5,5.0,20.0,0.0001,L2,0.0001,0.63,0.84,0.97,-0.00250961538462,-0.0035263157894699997,19.0,0.97
G,True,0,50.0,0,85,2,5,5.0,20.0,0.0001,L2,0.001,0.62,0.7,0.71,-0.000428812415655,-0.00118343653251,19.0,0.71
G,True,0,50.0,0,85,2,5,5.0,20.0,0.0001,L2,0.01,0.63,0.68,0.67,-0.0009733468286100001,-0.0007182662538700001,19.0,0.67
G,True,0,50.0,0,85,2,5,5.0,20.0,0.0001,L2,0.1,0.63,0.63,0.64,-0.005010627530359999,0.0041253869969,17.0,0.63
G,True,0,50.0,0,85,2,5,5.0,20.0,0.0001,L1,0.0001,0.63,0.7,0.71,-1.8556005397999996e-05,-0.000104489164087,19.0,0.71
G,True,0,50.0,0,85,2,5,5.0,20.0,0.0001,L1,0.001,0.61,0.7,0.72,-0.00050826585695,-0.00137306501548,19.0,0.72
G,True,0,50.0,0,85,2,5,5.0,20.0,0.0001,L1,0.01,0.61,0.69,0.68,-0.0006145411605939999,-0.0005139318885450001,19.0,0.68
G,True,0,50.0,0,85,2,5,5.0,20.0,0.0001,L1,0.1,0.69,0.62,0.66,-0.00537871120108,0.00589473684211,12.0,0.63
G,True,0,50.0,0,85,2,5,5.0,20.0,0.001,L2,0.0001,0.69,0.73,0.79,-0.000594973009447,-0.00109674922601,19.0,0.79
G,True,0,50.0,0,85,2,5,5.0,20.0,0.001,L2,0.001,0.68,0.7,0.68,-0.000636133603239,0.0006191950464400001,4.0,0.66
G,True,0,50.0,0,85,2,5,5.0,20.0,0.001,L2,0.01,0.63,0.69,0.68,-0.000870107962213,-0.000899380804954,19.0,0.68
G,True,0,50.0,0,85,2,5,5.0,20.0,0.001,L2,0.1,0.63,0.62,0.64,-0.00444922402159,0.004384674922600001,14.0,0.62
G,True,0,50.0,0,85,2,5,5.0,20.0,0.001,L1,0.0001,0.61,0.74,0.66,-0.000905533063428,-6.57894736842e-05,19.0,0.66
G,True,0,50.0,0,85,2,5,5.0,20.0,0.001,L1,0.001,0.68,0.71,0.72,-0.000411437246964,-0.00121207430341,19.0,0.72
G,True,0,50.0,0,85,2,5,5.0,20.0,0.001,L1,0.01,0.69,0.69,0.69,-0.000806342780027,-0.0005673374612999999,19.0,0.69
G,True,0,50.0,0,85,2,5,5.0,20.0,0.001,L1,0.1,0.64,0.64,0.64,-0.004081477732790001,0.0029791021671800003,17.0,0.63
G,True,0,50.0,0,85,2,5,5.0,20.0,0.01,L2,0.0001,0.65,0.72,0.77,-0.000356950067476,-0.000733746130031,19.0,0.77
G,True,0,50.0,0,85,2,5,5.0,20.0,0.01,L2,0.001,0.67,0.7,0.71,-0.00017796896086400005,-0.00071439628483,19.0,0.71
G,True,0,50.0,0,85,2,5,5.0,20.0,0.01,L2,0.01,0.65,0.69,0.69,-0.00017004048583,-1.62538699691e-05,0.0,0.68
G,True,0,50.0,0,85,2,5,5.0,20.0,0.01,L2,0.1,0.68,0.73,0.67,-0.000222503373819,0.000259287925697,19.0,0.67
G,True,0,50.0,0,85,2,5,5.0,20.0,0.01,L1,0.0001,0.68,0.85,0.72,-0.00233147773279,-0.0011687306501500002,19.0,0.72
G,True,0,50.0,0,85,2,5,5.0,20.0,0.01,L1,0.001,0.64,0.71,0.68,-0.00122587719298,0.0005642414860680001,15.0,0.67
G,True,0,50.0,0,85,2,5,5.0,20.0,0.01,L1,0.01,0.63,0.7,0.69,9.9527665316e-06,-0.000173374613003,19.0,0.69
G,True,0,50.0,0,85,2,5,5.0,20.0,0.01,L1,0.1,0.65,0.73,0.67,-0.000272267206478,0.000195820433437,19.0,0.67
G,True,0,50.0,0,85,2,5,5.0,20.0,0.1,L2,0.0001,0.69,0.72,0.67,-0.000526990553307,4.02476780186e-05,19.0,0.67
G,True,0,50.0,0,85,2,5,5.0,20.0,0.1,L2,0.001,0.7,0.74,0.69,-0.00233451417004,0.000445820433437,19.0,0.69
G,True,0,50.0,0,85,2,5,5.0,20.0,0.1,L2,0.01,0.73,0.7,0.69,-3.35695006749e-05,8.97832817338e-05,19.0,0.69
G,True,0,50.0,0,85,2,5,5.0,20.0,0.1,L2,0.1,0.65,0.73,0.67,-0.000255398110661,0.00021826625387,19.0,0.67
G,True,0,50.0,0,85,2,5,5.0,20.0,0.1,L1,0.0001,0.64,0.75,0.83,-0.0011560391363,-0.00199767801858,19.0,0.83
G,True,0,50.0,0,85,2,5,5.0,20.0,0.1,L1,0.001,0.66,0.7,0.69,-0.000238529014845,0.0008328173374610001,5.0,0.67
G,True,0,50.0,0,85,2,5,5.0,20.0,0.1,L1,0.01,0.69,0.7,0.69,-1.72064777327e-05,-5.41795665635e-05,19.0,0.69
G,True,0,50.0,0,85,2,5,5.0,20.0,0.1,L1,0.1,0.68,0.72,0.67,-0.000117746288799,-4.95356037151e-05,19.0,0.67
G,True,0,50.0,0,85,2,5,5.0,20.0,1.0,L2,0.0001,0.64,0.73,0.67,-0.0012425775978399999,0.000119969040248,18.0,0.66
G,True,0,50.0,0,85,2,5,5.0,20.0,1.0,L2,0.001,0.74,0.69,0.69,3.94736842105e-05,0.00014164086687299998,2.0,0.68
G,True,0,50.0,0,85,2,5,5.0,20.0,1.0,L2,0.01,0.72,0.7,0.69,-7.59109311743e-06,0.0,19.0,0.69
G,True,0,50.0,0,85,2,5,5.0,20.0,1.0,L2,0.1,0.7,0.72,0.67,-0.000115215924427,4.10216718265e-05,19.0,0.67
G,True,0,50.0,0,85,2,5,5.0,20.0,1.0,L1,0.0001,0.68,0.7,0.68,-0.000187753036437,0.000238390092879,6.0,0.67
G,True,0,50.0,0,85,2,5,5.0,20.0,1.0,L1,0.001,0.63,0.7,0.7,-0.000377361673414,0.00012693498452,1.0,0.67
G,True,0,50.0,0,85,2,5,5.0,20.0,1.0,L1,0.01,0.62,0.7,0.69,-2.69905533068e-06,-3.25077399381e-05,19.0,0.69
G,True,0,50.0,0,85,2,5,5.0,20.0,1.0,L1,0.1,0.62,0.71,0.68,1.29892037787e-05,-0.000382352941177,5.0,0.67
G,True,0,50.0,0,85,2,10,10.0,20.0,0.0001,L2,0.0001,0.66,0.86,0.72,-0.0038564439945999998,-0.00205185758514,19.0,0.72
G,True,0,50.0,0,85,2,10,10.0,20.0,0.0001,L2,0.001,0.66,0.69,0.68,-0.00032979082321200003,0.000280959752322,2.0,0.66
G,True,0,50.0,0,85,2,10,10.0,20.0,0.0001,L2,0.01,0.65,0.69,0.68,-0.00115367746289,-0.000791795665635,19.0,0.68
G,True,0,50.0,0,85,2,10,10.0,20.0,0.0001,L2,0.1,0.65,0.6,0.7,-0.00618033063428,0.00819659442724,7.0,0.63
G,True,0,50.0,0,85,2,10,10.0,20.0,0.0001,L1,0.0001,0.63,0.92,1.07,-0.00516751012146,-0.00713390092879,19.0,1.07
G,True,0,50.0,0,85,2,10,10.0,20.0,0.0001,L1,0.001,0.64,0.7,0.69,-6.02226720647e-05,0.000174148606811,1.0,0.67
G,True,0,50.0,0,85,2,10,10.0,20.0,0.0001,L1,0.01,0.64,0.7,0.69,-0.000577260458839,-0.00032275541795700005,19.0,0.69
G,True,0,50.0,0,85,2,10,10.0,20.0,0.0001,L1,0.1,0.64,0.61,0.66,-0.006068825910930001,0.0066060371517,12.0,0.62
G,True,0,50.0,0,85,2,10,10.0,20.0,0.001,L2,0.0001,0.66,0.74,0.67,-0.0009644062078270001,-0.000168730650155,19.0,0.67
G,True,0,50.0,0,85,2,10,10.0,20.0,0.001,L2,0.001,0.66,0.69,0.7,-0.000230937921727,-0.000624613003096,19.0,0.7
G,True,0,50.0,0,85,2,10,10.0,20.0,0.001,L2,0.01,0.65,0.69,0.68,-0.00088141025641,-0.000657894736842,19.0,0.68
G,True,0,50.0,0,85,2,10,10.0,20.0,0.001,L2,0.1,0.65,0.65,0.64,-0.00489018218623,0.00241253869969,17.0,0.63
G,True,0,50.0,0,85,2,10,10.0,20.0,0.001,L1,0.0001,0.64,0.79,0.69,-0.0024536099865,-0.00108359133127,19.0,0.69
G,True,0,50.0,0,85,2,10,10.0,20.0,0.001,L1,0.001,0.64,0.69,0.69,-7.72604588395e-05,-0.00015015479876199998,19.0,0.69
G,True,0,50.0,0,85,2,10,10.0,20.0,0.001,L1,0.01,0.63,0.68,0.67,-0.0013485155195699999,-0.0006973684210529999,19.0,0.67
G,True,0,50.0,0,85,2,10,10.0,20.0,0.001,L1,0.1,0.64,0.64,0.62,-0.0038802294197,0.0020092879257,13.0,0.61
G,True,0,50.0,0,85,2,10,10.0,20.0,0.01,L2,0.0001,0.66,0.79,0.69,-0.0024225708501999996,-0.000923374613003,19.0,0.69
G,True,0,50.0,0,85,2,10,10.0,20.0,0.01,L2,0.001,0.65,0.69,0.68,-0.000145074224022,8.51393188855e-05,4.0,0.67
G,True,0,50.0,0,85,2,10,10.0,20.0,0.01,L2,0.01,0.65,0.7,0.69,-0.000200742240216,-0.000208204334365,19.0,0.69
G,True,0,50.0,0,85,2,10,10.0,20.0,0.01,L2,0.1,0.65,0.73,0.66,-0.00013967611336000005,0.000532507739938,9.0,0.65
G,True,0,50.0,0,85,2,10,10.0,20.0,0.01,L1,0.0001,0.64,0.69,0.71,-5.16194331984e-05,-0.000256191950465,19.0,0.71
G,True,0,50.0,0,85,2,10,10.0,20.0,0.01,L1,0.001,0.65,0.69,0.69,-9.64912280703e-05,0.000173374613003,6.0,0.68
G,True,0,50.0,0,85,2,10,10.0,20.0,0.01,L1,0.01,0.65,0.7,0.69,-9.5310391363e-05,-0.00032662538699699997,19.0,0.69
G,True,0,50.0,0,85,2,10,10.0,20.0,0.01,L1,0.1,0.64,0.74,0.67,-0.000584345479082,0.00019272445820400004,19.0,0.67
G,True,0,50.0,0,85,2,10,10.0,20.0,0.1,L2,0.0001,0.66,0.78,0.88,-0.00240350877193,-0.00391795665635,19.0,0.88
G,True,0,50.0,0,85,2,10,10.0,20.0,0.1,L2,0.001,0.65,0.69,0.69,6.8657219973e-05,6.34674922602e-05,19.0,0.69
G,True,0,50.0,0,85,2,10,10.0,20.0,0.1,L2,0.01,0.65,0.7,0.69,-1.93994601889e-05,-5.4179566564300005e-06,19.0,0.69
G,True,0,50.0,0,85,2,10,10.0,20.0,0.1,L2,0.1,0.65,0.74,0.67,-0.0004978070175440001,-1.00619195046e-05,19.0,0.67
G,True,0,50.0,0,85,2,10,10.0,20.0,0.1,L1,0.0001,0.65,0.71,0.74,-0.000440958164642,-0.00118034055728,19.0,0.74
G,True,0,50.0,0,85,2,10,10.0,20.0,0.1,L1,0.001,0.64,0.7,0.69,-0.000412449392713,0.00080572755418,5.0,0.67
G,True,0,50.0,0,85,2,10,10.0,20.0,0.1,L1,0.01,0.7,0.7,0.69,-2.4628879891999995e-05,0.000113777089783,19.0,0.69
G,True,0,50.0,0,85,2,10,10.0,20.0,0.1,L1,0.1,0.68,0.73,0.67,-0.000264001349528,5.18575851395e-05,19.0,0.67
G,True,0,50.0,0,85,2,10,10.0,20.0,1.0,L2,0.0001,0.72,0.71,0.67,-0.0005465587044530001,0.000357585139319,19.0,0.67
G,True,0,50.0,0,85,2,10,10.0,20.0,1.0,L2,0.001,0.73,0.69,0.69,-3.91363022944e-05,0.000120743034056,2.0,0.68
G,True,0,50.0,0,85,2,10,10.0,20.0,1.0,L2,0.01,0.76,0.7,0.69,-3.1713900135000004e-05,5.41795665632e-06,19.0,0.69
G,True,0,50.0,0,85,2,10,10.0,20.0,1.0,L2,0.1,0.7,0.73,0.67,-0.000253542510122,9.98452012385e-05,4.0,0.66
G,True,0,50.0,0,85,2,10,10.0,20.0,1.0,L1,0.0001,0.65,0.72,0.67,-0.00111184210526,0.000424148606811,14.0,0.66
G,True,0,50.0,0,85,2,10,10.0,20.0,1.0,L1,0.001,0.64,0.69,0.69,-4.89203778676e-05,0.000126160990712,0.0,0.67
Q,True,0,50.0,0,10,2,1,1.0,20.0,0.0001,L2,0.0001,121.01,0.69,0.69,-6.50465290665e-05,-6.29676212591e-05,19.0,0.69
G,True,0,50.0,0,85,2,10,10.0,20.0,1.0,L1,0.01,0.67,0.7,0.69,-1.14709851553e-05,-3.40557275542e-05,19.0,0.69
G,True,0,50.0,0,85,2,10,10.0,20.0,1.0,L1,0.1,0.65,0.72,0.67,6.0728744940599995e-06,-0.000259287925697,19.0,0.67
G,True,0,50.0,0,85,2,15,15.0,20.0,0.0001,L2,0.0001,0.68,0.77,0.68,-0.0020941295546600004,-0.000589009287926,19.0,0.68
G,True,0,50.0,0,85,2,15,15.0,20.0,0.0001,L2,0.001,0.67,0.7,0.7,-0.0001415317139,-6.34674922599e-05,19.0,0.7
G,True,0,50.0,0,85,2,15,15.0,20.0,0.0001,L2,0.01,0.78,0.69,0.68,-0.000928981106613,-0.0005750773993810001,19.0,0.68
G,True,0,50.0,0,85,2,15,15.0,20.0,0.0001,L2,0.1,0.73,0.59,0.72,-0.00861082995951,0.0131354489164,9.0,0.63
G,True,0,50.0,0,85,2,15,15.0,20.0,0.0001,L1,0.0001,0.74,0.74,0.81,-0.00157422402159,-0.00279566563468,19.0,0.81
G,True,0,50.0,0,85,2,15,15.0,20.0,0.0001,L1,0.001,0.8,0.71,0.69,-0.00034463562753,6.88854489164e-05,4.0,0.68
G,True,0,50.0,0,85,2,15,15.0,20.0,0.0001,L1,0.01,0.79,0.68,0.67,-0.00148599865047,-0.000946594427245,19.0,0.67
G,True,0,50.0,0,85,2,15,15.0,20.0,0.0001,L1,0.1,0.76,0.63,0.66,-0.0065023616734099995,0.0056726006192,11.0,0.62
G,True,0,50.0,0,85,2,15,15.0,20.0,0.001,L2,0.0001,0.72,0.7,0.7,-5.330634278e-05,-0.0002252321981420001,19.0,0.7
G,True,0,50.0,0,85,2,15,15.0,20.0,0.001,L2,0.001,0.73,0.7,0.7,-0.000151990553306,-0.000276315789474,19.0,0.7
G,True,0,50.0,0,85,2,15,15.0,20.0,0.001,L2,0.01,0.76,0.67,0.66,-0.00161167341431,-0.0008188854489169999,19.0,0.66
G,True,0,50.0,0,85,2,15,15.0,20.0,0.001,L2,0.1,0.75,0.64,0.64,-0.0048419365722,0.00231269349845,16.0,0.63
G,True,0,50.0,0,85,2,15,15.0,20.0,0.001,L1,0.0001,0.7,0.75,0.83,-0.00181241565452,-0.00318498452012,19.0,0.83
G,True,0,50.0,0,85,2,15,15.0,20.0,0.001,L1,0.001,0.72,0.69,0.69,-0.00014423076923100002,6.4241486068e-05,3.0,0.68
G,True,0,50.0,0,85,2,15,15.0,20.0,0.001,L1,0.01,0.74,0.69,0.67,-0.00109682860999,-0.0007956656346749999,19.0,0.67
G,True,0,50.0,0,85,2,15,15.0,20.0,0.001,L1,0.1,0.73,0.66,0.63,-0.004354419703100001,0.00278173374613,15.0,0.62
G,True,0,50.0,0,85,2,15,15.0,20.0,0.01,L2,0.0001,0.68,0.81,0.69,-0.00341902834008,-0.00135448916409,19.0,0.69
G,True,0,50.0,0,85,2,15,15.0,20.0,0.01,L2,0.001,0.68,0.72,0.74,-0.00147908232119,-0.00243111455108,19.0,0.74
G,True,0,50.0,0,85,2,15,15.0,20.0,0.01,L2,0.01,0.68,0.7,0.68,-0.000226383265857,-3.63777089784e-05,19.0,0.68
G,True,0,50.0,0,85,2,15,15.0,20.0,0.01,L2,0.1,0.72,0.74,0.67,-0.000568151147098,-5.41795665635e-05,16.0,0.66
G,True,0,50.0,0,85,2,15,15.0,20.0,0.01,L1,0.0001,0.74,0.75,0.82,-0.0014436572199700002,-0.002673374613,19.0,0.82
G,True,0,50.0,0,85,2,15,15.0,20.0,0.01,L1,0.001,0.72,0.69,0.69,-0.00012533738191600001,-0.000252321981424,19.0,0.69
G,True,0,50.0,0,85,2,15,15.0,20.0,0.01,L1,0.01,0.7,0.7,0.69,-1.5350877193e-05,-3.8699690402300005e-06,19.0,0.69
G,True,0,50.0,0,85,2,15,15.0,20.0,0.01,L1,0.1,0.7,0.75,0.67,-0.0008308029689610001,-0.000109133126935,19.0,0.67
G,True,0,50.0,0,85,2,15,15.0,20.0,0.1,L2,0.0001,0.68,0.7,0.72,-0.00022435897435900005,-0.000620743034056,19.0,0.72
G,True,0,50.0,0,85,2,15,15.0,20.0,0.1,L2,0.001,0.69,0.69,0.7,-6.039136302300001e-05,-0.000406346749226,19.0,0.7
G,True,0,50.0,0,85,2,15,15.0,20.0,0.1,L2,0.01,0.68,0.71,0.69,-8.13090418353e-05,2.86377708978e-05,19.0,0.69
G,True,0,50.0,0,85,2,15,15.0,20.0,0.1,L2,0.1,0.75,0.75,0.67,-0.0007378542510120001,-9.442724458200001e-05,19.0,0.67
G,True,0,50.0,0,85,2,15,15.0,20.0,0.1,L1,0.0001,0.74,0.72,0.67,-0.00122334682861,-2.70897832817e-05,19.0,0.67
G,True,0,50.0,0,85,2,15,15.0,20.0,0.1,L1,0.001,0.7,0.7,0.69,-9.24426450742e-05,-0.000147832817337,19.0,0.69
G,True,0,50.0,0,85,2,15,15.0,20.0,0.1,L1,0.01,0.75,0.7,0.69,-3.54251012146e-05,6.19195046436e-06,0.0,0.68
G,True,0,50.0,0,85,2,15,15.0,20.0,0.1,L1,0.1,0.76,0.73,0.67,-0.000392375168691,0.000133126934984,4.0,0.66
G,True,0,50.0,0,85,2,15,15.0,20.0,1.0,L2,0.0001,0.73,0.72,0.76,-0.00099544534413,-0.0022399380805,19.0,0.76
G,True,0,50.0,0,85,2,15,15.0,20.0,1.0,L2,0.001,0.76,0.7,0.69,-4.28475033737e-05,0.00011532507739899998,0.0,0.67
G,True,0,50.0,0,85,2,15,15.0,20.0,1.0,L2,0.01,0.75,0.7,0.69,-4.38596491237e-06,-0.00015479876161000002,0.0,0.68
G,True,0,50.0,0,85,2,15,15.0,20.0,1.0,L2,0.1,0.76,0.74,0.67,-0.000455296896086,-2.08978328172e-05,1.0,0.66
G,True,0,50.0,0,85,2,15,15.0,20.0,1.0,L1,0.0001,0.77,0.76,0.67,-0.00282287449393,-0.000273219814242,19.0,0.67
G,True,0,50.0,0,85,2,15,15.0,20.0,1.0,L1,0.001,0.71,0.7,0.69,-0.000117746288799,-0.000304179566563,19.0,0.69
G,True,0,50.0,0,85,2,15,15.0,20.0,1.0,L1,0.01,0.7,0.69,0.69,-1.41700404859e-05,0.000120743034056,19.0,0.69
G,True,0,50.0,0,85,2,15,15.0,20.0,1.0,L1,0.1,0.68,0.72,0.67,-0.000128205128205,-7.97213622291e-05,19.0,0.67
G,True,0,50.0,0,85,2,50,50.0,20.0,0.0001,L2,0.0001,0.83,0.73,0.68,-0.00159261133603,0.0004899380804950001,14.0,0.67
G,True,0,50.0,0,85,2,50,50.0,20.0,0.0001,L2,0.001,0.83,0.69,0.68,-0.00023431174089099999,-7.12074303405e-05,0.0,0.66
G,True,0,50.0,0,85,2,50,50.0,20.0,0.0001,L2,0.01,0.91,0.68,0.64,-0.00210880566802,-0.000995356037152,19.0,0.64
G,True,0,50.0,0,85,2,50,50.0,20.0,0.0001,L2,0.1,0.84,0.63,0.64,-0.00619298245614,0.005782507739939999,13.0,0.61
G,True,0,50.0,0,85,2,50,50.0,20.0,0.0001,L1,0.0001,0.89,0.7,0.7,-2.53036437247e-05,1.78018575852e-05,19.0,0.7
G,True,0,50.0,0,85,2,50,50.0,20.0,0.0001,L1,0.001,0.91,0.7,0.7,-0.000579284750337,-0.00048606811145499994,19.0,0.7
G,True,0,50.0,0,85,2,50,50.0,20.0,0.0001,L1,0.01,0.91,0.67,0.64,-0.0019060391363,-0.000832043343653,19.0,0.64
G,True,0,50.0,0,85,2,50,50.0,20.0,0.0001,L1,0.1,0.9,0.64,0.65,-0.00578812415655,0.00537770897833,12.0,0.62
G,True,0,50.0,0,85,2,50,50.0,20.0,0.001,L2,0.0001,0.82,0.71,0.74,-0.0007974021592439999,-0.0019326625387,19.0,0.74
G,True,0,50.0,0,85,2,50,50.0,20.0,0.001,L2,0.001,0.83,0.7,0.7,-0.000488360323887,-0.00036919504644,19.0,0.7
G,True,0,50.0,0,85,2,50,50.0,20.0,0.001,L2,0.01,0.82,0.69,0.65,-0.00191514844804,-0.00118575851393,19.0,0.65
G,True,0,50.0,0,85,2,50,50.0,20.0,0.001,L2,0.1,0.82,0.66,0.63,-0.00462365047233,0.0017492260061900001,18.0,0.62
G,True,0,50.0,0,85,2,50,50.0,20.0,0.001,L1,0.0001,0.89,0.71,0.74,-0.0007218286099860001,-0.00182275541796,19.0,0.74
G,True,0,50.0,0,85,2,50,50.0,20.0,0.001,L1,0.001,0.89,0.7,0.7,-0.000218286099865,-0.000254643962848,19.0,0.7
G,True,0,50.0,0,85,2,50,50.0,20.0,0.001,L1,0.01,0.9,0.69,0.64,-0.0014863360323900002,-0.000976780185759,19.0,0.64
G,True,0,50.0,0,85,2,50,50.0,20.0,0.001,L1,0.1,0.87,0.71,0.62,-0.0023071862348200004,0.00128560371517,16.0,0.61
G,True,0,50.0,0,85,2,50,50.0,20.0,0.01,L2,0.0001,0.82,0.7,0.68,-0.000525134952767,0.000572755417957,4.0,0.67
G,True,0,50.0,0,85,2,50,50.0,20.0,0.01,L2,0.001,0.82,0.7,0.7,-0.000498650472335,-0.000381578947368,19.0,0.7
G,True,0,50.0,0,85,2,50,50.0,20.0,0.01,L2,0.01,0.82,0.7,0.66,-0.000469466936572,-0.000223684210526,19.0,0.66
G,True,0,50.0,0,85,2,50,50.0,20.0,0.01,L2,0.1,0.84,0.76,0.66,-0.0017442645074200007,-0.0007964396284829999,19.0,0.66
G,True,0,50.0,0,85,2,50,50.0,20.0,0.01,L1,0.0001,0.9,0.72,0.75,-0.00115671390013,-0.00253715170279,19.0,0.75
G,True,0,50.0,0,85,2,50,50.0,20.0,0.01,L1,0.001,0.9,0.7,0.7,-0.000203272604588,-0.00017801857585199998,19.0,0.7
G,True,0,50.0,0,85,2,50,50.0,20.0,0.01,L1,0.01,0.9,0.72,0.67,-1.04588394061e-05,-0.000119969040248,19.0,0.67
G,True,0,50.0,0,85,2,50,50.0,20.0,0.01,L1,0.1,0.9,0.85,0.69,-0.0028660593792199994,-0.0007755417956659999,19.0,0.69
G,True,0,50.0,0,85,2,50,50.0,20.0,0.1,L2,0.0001,0.82,0.7,0.7,-4.16666666667e-05,-0.000260061919505,19.0,0.7
G,True,0,50.0,0,85,2,50,50.0,20.0,0.1,L2,0.001,0.84,0.7,0.69,-7.05128205126e-05,-0.00011300309597499999,19.0,0.69
G,True,0,50.0,0,85,2,50,50.0,20.0,0.1,L2,0.01,0.83,0.72,0.67,-6.157219973e-05,4.64396284827e-06,19.0,0.67
G,True,0,50.0,0,85,2,50,50.0,20.0,0.1,L2,0.1,0.82,0.83,0.69,-0.00220698380567,-0.0007554179566560001,19.0,0.69
G,True,0,50.0,0,85,2,50,50.0,20.0,0.1,L1,0.0001,0.89,0.71,0.68,-0.0007233468286100001,0.000377708978328,15.0,0.67
G,True,0,50.0,0,85,2,50,50.0,20.0,0.1,L1,0.001,0.91,0.7,0.69,-0.00010374493927100001,-0.00037616099071199996,19.0,0.69
G,True,0,50.0,0,85,2,50,50.0,20.0,0.1,L1,0.01,0.9,0.71,0.68,-0.000117071524966,9.21052631579e-05,19.0,0.68
G,True,0,50.0,0,85,2,50,50.0,20.0,0.1,L1,0.1,0.9,0.79,0.69,-0.00215941295547,-0.0011408668730599999,19.0,0.69
G,True,0,50.0,0,85,2,50,50.0,20.0,1.0,L2,0.0001,0.82,0.73,0.68,-0.00172064777328,0.000350619195046,19.0,0.68
G,True,0,50.0,0,85,2,50,50.0,20.0,1.0,L2,0.001,0.83,0.7,0.69,-8.99122807015e-05,-6.03715170279e-05,19.0,0.69
G,True,0,50.0,0,85,2,50,50.0,20.0,1.0,L2,0.01,0.82,0.72,0.68,1.8556005397799998e-06,2.01238390094e-05,4.0,0.67
G,True,0,50.0,0,85,2,50,50.0,20.0,1.0,L2,0.1,0.85,0.82,0.68,-0.0022413967611300003,-0.000607585139319,19.0,0.68
G,True,0,50.0,0,85,2,50,50.0,20.0,1.0,L1,0.0001,0.9,0.69,0.69,-0.000170546558704,0.000111455108359,4.0,0.68
G,True,0,50.0,0,85,2,50,50.0,20.0,1.0,L1,0.001,0.9,0.7,0.69,-0.000153002699055,-7.58513931888e-05,19.0,0.69
G,True,0,50.0,0,85,2,50,50.0,20.0,1.0,L1,0.01,0.9,0.69,0.68,1.23144399459e-05,8.66873065014e-05,19.0,0.68
G,True,0,50.0,0,85,2,50,50.0,20.0,1.0,L1,0.1,0.9,0.8,0.76,-0.00203188259109,-0.00174690402477,16.0,0.75
G,True,0,50.0,0,85,2,100,100.0,20.0,0.0001,L2,0.0001,1.13,0.72,0.75,-0.0013613360323900005,-0.00272368421053,19.0,0.75
G,True,0,50.0,0,85,2,100,100.0,20.0,0.0001,L2,0.001,1.12,0.7,0.68,-0.000488360323887,-0.00022136222910199997,19.0,0.68
G,True,0,50.0,0,85,2,100,100.0,20.0,0.0001,L2,0.01,1.11,0.7,0.62,-0.00222267206478,-0.000920278637771,19.0,0.62
G,True,0,50.0,0,85,2,100,100.0,20.0,0.0001,L2,0.1,1.12,0.66,0.63,-0.00541059379217,0.00343421052632,17.0,0.62
G,True,0,50.0,0,85,2,100,100.0,20.0,0.0001,L1,0.0001,1.38,0.7,0.7,-4.03171390012e-05,-0.00015479876161000002,19.0,0.7
G,True,0,50.0,0,85,2,100,100.0,20.0,0.0001,L1,0.001,1.41,0.69,0.69,-0.000239372469636,-0.000259287925697,19.0,0.69
G,True,0,50.0,0,85,2,100,100.0,20.0,0.0001,L1,0.01,1.45,0.69,0.63,-0.00230448717949,-0.000970588235294,19.0,0.63
G,True,0,50.0,0,85,2,100,100.0,20.0,0.0001,L1,0.1,1.45,0.66,0.63,-0.0050568488529,0.0021501547987600005,18.0,0.62
G,True,0,50.0,0,85,2,100,100.0,20.0,0.001,L2,0.0001,1.2,0.73,0.69,-0.0016626180836700002,0.000357585139319,19.0,0.69
G,True,0,50.0,0,85,2,100,100.0,20.0,0.001,L2,0.001,1.23,0.69,0.67,-0.00036589068825900004,-0.000292569659443,19.0,0.67
G,True,0,50.0,0,85,2,100,100.0,20.0,0.001,L2,0.01,1.16,0.7,0.63,-0.00210020242915,-0.00115015479876,19.0,0.63
G,True,0,50.0,0,85,2,100,100.0,20.0,0.001,L2,0.1,1.12,0.68,0.62,-0.0042737854251,0.000982972136223,19.0,0.62
G,True,0,50.0,0,85,2,100,100.0,20.0,0.001,L1,0.0001,1.46,0.77,0.82,-0.00381697031039,-0.005903250773989999,19.0,0.82
G,True,0,50.0,0,85,2,100,100.0,20.0,0.001,L1,0.001,1.48,0.7,0.69,-0.000328778677463,-0.000137770897833,19.0,0.69
G,True,0,50.0,0,85,2,100,100.0,20.0,0.001,L1,0.01,1.49,0.71,0.63,-0.00176467611336,-0.00104876160991,19.0,0.63
G,True,0,50.0,0,85,2,100,100.0,20.0,0.001,L1,0.1,1.37,0.78,0.65,-0.00100387989204,0.000942724458204,19.0,0.65
G,True,0,50.0,0,85,2,100,100.0,20.0,0.01,L2,0.0001,1.22,0.7,0.69,-6.95006747637e-05,9.90712074304e-05,19.0,0.69
G,True,0,50.0,0,85,2,100,100.0,20.0,0.01,L2,0.001,1.23,0.71,0.68,-0.000545883940621,-0.00014396284829700006,0.0,0.67
G,True,0,50.0,0,85,2,100,100.0,20.0,0.01,L2,0.01,1.32,0.72,0.65,-0.000892543859649,-0.000479876160991,19.0,0.65
G,True,0,50.0,0,85,2,100,100.0,20.0,0.01,L2,0.1,1.17,0.78,0.67,-0.00206966936572,-0.00101160990712,19.0,0.67
G,True,0,50.0,0,85,2,100,100.0,20.0,0.01,L1,0.0001,1.41,0.69,0.7,-6.258434547899999e-05,-0.00032352941176499994,19.0,0.7
G,True,0,50.0,0,85,2,100,100.0,20.0,0.01,L1,0.001,1.4,0.7,0.7,-0.00024105937921700002,-0.00028792569659500007,19.0,0.7
G,True,0,50.0,0,85,2,100,100.0,20.0,0.01,L1,0.01,1.36,0.74,0.67,-5.75236167343e-05,0.000102167182663,11.0,0.66
G,True,0,50.0,0,85,2,100,100.0,20.0,0.01,L1,0.1,1.35,0.99,0.77,-0.006985492577600001,-0.00438777089783,19.0,0.77
G,True,0,50.0,0,85,2,100,100.0,20.0,0.1,L2,0.0001,1.11,0.69,0.69,4.55465587035e-06,-7.73993807934e-07,19.0,0.69
G,True,0,50.0,0,85,2,100,100.0,20.0,0.1,L2,0.001,1.13,0.7,0.69,-4.13292847502e-05,2.32198142415e-05,19.0,0.69
G,True,0,50.0,0,85,2,100,100.0,20.0,0.1,L2,0.01,1.12,0.74,0.66,-4.28475033738e-05,-3.09597523229e-06,19.0,0.66
G,True,0,50.0,0,85,2,100,100.0,20.0,0.1,L2,0.1,1.14,0.93,0.72,-0.00381022267206,-0.0010688854489199998,19.0,0.72
G,True,0,50.0,0,85,2,100,100.0,20.0,0.1,L1,0.0001,1.36,0.7,0.69,-6.562078272600001e-05,0.000251547987616,8.0,0.68
G,True,0,50.0,0,85,2,100,100.0,20.0,0.1,L1,0.001,1.37,0.7,0.69,-0.000155533063428,-0.000369969040248,0.0,0.68
G,True,0,50.0,0,85,2,100,100.0,20.0,0.1,L1,0.01,1.36,0.72,0.67,-8.45141700405e-05,2.32198142414e-06,19.0,0.67
G,True,0,50.0,0,85,2,100,100.0,20.0,0.1,L1,0.1,1.36,0.93,0.77,-0.00725371120108,-0.0041826625387,19.0,0.77
G,True,0,50.0,0,85,2,100,100.0,20.0,1.0,L2,0.0001,1.12,0.7,0.69,-0.000219804318489,0.000332817337461,4.0,0.67
G,True,0,50.0,0,85,2,100,100.0,20.0,1.0,L2,0.001,1.12,0.7,0.69,-1.51821862349e-06,5.41795665632e-06,19.0,0.69
G,True,0,50.0,0,85,2,100,100.0,20.0,1.0,L2,0.01,1.12,0.74,0.66,-1.65317139e-05,0.000243808049535,19.0,0.66
G,True,0,50.0,0,85,2,100,100.0,20.0,1.0,L2,0.1,1.12,0.95,0.76,-0.00630499325236,-0.00398452012384,19.0,0.76
G,True,0,50.0,0,85,2,100,100.0,20.0,1.0,L1,0.0001,1.37,0.71,0.71,-0.000903340080972,-0.0014295665634700002,19.0,0.71
G,True,0,50.0,0,85,2,100,100.0,20.0,1.0,L1,0.001,1.38,0.69,0.69,-9.04183535764e-05,8.513931888610001e-06,19.0,0.69
G,True,0,50.0,0,85,2,100,100.0,20.0,1.0,L1,0.01,1.37,0.7,0.67,-2.81713900135e-05,-6.88854489164e-05,19.0,0.67
G,True,0,50.0,0,85,2,100,100.0,20.0,1.0,L1,0.1,1.37,0.95,1.01,-0.007797064777329998,-0.009146284829719999,19.0,1.01
Q,True,0,50.0,0,10,2,1,1.0,20.0,0.0001,L2,0.001,120.61,0.67,0.67,-0.00091969373404,-0.0007803832881839997,19.0,0.67
Q,True,0,50.0,0,10,2,1,1.0,20.0,0.0001,L2,0.01,120.56,0.65,0.66,-0.000157516353421,-8.207962461300002e-05,19.0,0.66
Q,True,0,50.0,0,10,2,1,1.0,20.0,0.0001,L2,0.1,122.68,0.67,0.7,-2.73386341568e-05,-7.37712848298e-06,19.0,0.7
Q,True,0,50.0,0,10,2,1,1.0,20.0,0.0001,L1,0.0001,114.04,0.69,0.69,-1.42541699921e-06,-2.29940660476e-05,19.0,0.69
Q,True,0,50.0,0,10,2,1,1.0,20.0,0.0001,L1,0.001,116.5,0.67,0.67,-0.000997057593758,-0.000933126128741,19.0,0.67
Q,True,0,50.0,0,10,2,1,1.0,20.0,0.0001,L1,0.01,118.7,0.65,0.65,-0.000149812190512,-7.84757159443e-05,19.0,0.65
Q,True,0,50.0,0,10,2,1,1.0,20.0,0.0001,L1,0.1,118.13,0.67,0.7,-3.8483667313e-05,-2.66100683695e-05,19.0,0.7
Q,True,0,50.0,0,10,2,1,1.0,20.0,0.001,L2,0.0001,122.22,0.69,0.69,-0.00012119500050099999,-0.000135896381579,19.0,0.69
G,True,0,50.0,0,85,2,100,100.0,100.0,0.001,L2,0.01,31.14,0.57,0.79,-0.0005959272209269999,0.00180941770648,24.0,0.64
Q,True,0,50.0,0,10,2,1,1.0,20.0,0.001,L2,0.001,125.17,0.69,0.69,-1.70445317548e-05,-5.27767027864e-05,19.0,0.69
Q,True,0,50.0,0,10,2,1,1.0,20.0,0.001,L2,0.01,119.08,0.66,0.66,-0.000151520963133,-7.73227876677e-05,19.0,0.66
Q,True,0,50.0,0,10,2,1,1.0,20.0,0.001,L2,0.1,122.32,0.68,0.72,-1.81278486743e-05,7.86087461235e-07,0.0,0.71
G,True,0,50.0,0,85,2,50,50.0,100.0,0.001,L1,0.1,29.23,0.54,1.06,-0.00115383967884,0.00398330362448,7.0,0.63
Q,True,0,50.0,0,10,2,1,1.0,20.0,0.001,L1,0.0001,119.58,0.7,0.7,-0.000206593028761,-0.00019422003999,19.0,0.7
Q,True,0,50.0,0,10,2,1,1.0,20.0,0.001,L1,0.001,117.43,0.68,0.68,-0.0007413835702120001,-0.000758151122291,19.0,0.68
Q,True,0,50.0,0,10,2,1,1.0,20.0,0.001,L1,0.01,116.15,0.69,0.7,-3.0970423893200002e-06,9.759578173289999e-06,10.0,0.69
Q,True,0,10.0,0,10,2,1,1.0,20.0,0.0001,L2,0.0001,96.83,0.69,0.69,-2.0823715378e-05,-1.02016501355e-05,19.0,0.69
G,True,0,10.0,0,85,2,1,1.0,100.0,0.0001,L2,0.0001,24.03,0.73,0.7,-0.000188568033274,-0.00014231200897900001,99.0,0.7
Q,True,0,10.0,0,10,2,1,1.0,20.0,0.0001,L2,0.0001,97.92,0.69,0.69,-3.324390851e-05,-3.05354501137e-05,19.0,0.69
G,True,0,10.0,0,85,2,1,1.0,100.0,0.0001,L2,0.001,24.8,0.7,0.69,-0.00016992275698100002,-5.71268237936e-05,99.0,0.69
G,True,0,10.0,0,85,2,1,1.0,100.0,0.0001,L2,0.01,26.74,0.69,0.69,-1.40582293524e-05,-1.6049382715999993e-05,99.0,0.69
G,True,0,10.0,0,85,2,1,1.0,100.0,0.0001,L2,0.1,25.2,0.54,1.05,-0.00064303030303,0.0013410213243499995,2.0,0.67
G,True,0,10.0,0,85,2,1,1.0,100.0,0.0001,L1,0.0001,26.63,0.69,0.69,-1.91919191919e-05,-2.3063973064e-05,99.0,0.69
Q,True,0,10.0,0,10,2,1,1.0,20.0,0.0001,L2,0.001,98.34,0.68,0.67,-0.000442375239607,-0.00042359932088300016,19.0,0.67
G,True,0,10.0,0,85,2,1,1.0,100.0,0.0001,L1,0.001,23.93,0.69,0.69,-7.67676767677e-06,-5.9483726149199985e-06,99.0,0.69
G,True,0,10.0,0,85,2,1,1.0,100.0,0.0001,L1,0.01,23.11,0.69,0.69,-1.94295900179e-05,-2.30078563435e-06,1.0,0.68
G,True,0,10.0,0,85,2,1,1.0,100.0,0.0001,L1,0.1,25.53,0.55,1.1,-0.0009449435531789998,0.00251066217733,3.0,0.7
Q,True,0,10.0,0,10,2,1,1.0,20.0,0.0001,L2,0.01,98.66,0.67,0.67,-0.000196921119647,-0.00020142674172700002,19.0,0.67
G,True,0,10.0,0,85,2,1,1.0,500.0,0.0001,L2,0.0001,13.15,0.69,0.72,-9.67817988928e-06,-2.15898463594e-05,499.0,0.72
G,True,0,10.0,0,85,2,1,1.0,500.0,0.0001,L2,0.001,13.53,0.68,0.69,-3.36706353884e-05,1.13783121798e-05,252.0,0.68
G,True,0,10.0,0,85,2,1,1.0,500.0,0.0001,L2,0.01,13.79,0.5,1.1,-0.00027540068372,0.000858305499889,73.0,0.68
Q,True,0,10.0,0,10,2,1,1.0,20.0,0.0001,L2,0.1,95.52,0.68,0.76,-2.46850806631e-05,-1.8323255790999998e-05,19.0,0.76
G,True,0,10.0,0,85,2,1,1.0,500.0,0.0001,L2,0.1,13.2,0.4,1.19,-9.30180360721e-05,0.000202271209085,19.0,0.62
G,True,0,10.0,0,85,2,1,1.0,500.0,0.0001,L1,0.0001,13.78,0.69,0.7,-2.38123305407e-07,-5.66243598321e-06,499.0,0.7
G,True,0,10.0,0,85,2,1,1.0,500.0,0.0001,L1,0.001,13.49,0.68,0.69,-3.20594129436e-05,-2.0307281229900003e-06,499.0,0.69
G,True,0,10.0,0,85,2,1,1.0,500.0,0.0001,L1,0.01,12.83,0.52,1.07,-0.00029713450430299997,0.000912015141394,129.0,0.67
G,True,0,10.0,0,85,2,1,1.0,500.0,0.0001,L1,0.1,12.83,0.41,1.2,-6.38575975481e-05,5.81808060565e-05,26.0,0.61
G,True,0,10.0,0,85,2,1,1.0,500.0,0.001,L2,0.0001,13.07,0.69,0.68,-2.87539785448e-06,2.7588510355099997e-06,499.0,0.68
G,True,0,10.0,0,85,2,1,1.0,500.0,0.001,L2,0.001,13.1,0.69,0.7,-8.1716373912e-07,-1.47405922968e-06,499.0,0.7
Q,True,0,10.0,0,10,2,1,1.0,20.0,0.0001,L1,0.0001,91.25,0.69,0.68,-0.00023157341593599997,-4.37951131367e-05,19.0,0.68
G,True,0,10.0,0,85,2,1,1.0,500.0,0.001,L2,0.01,13.19,0.6,0.84,-0.000364840268773,0.00100160543309,294.0,0.68
G,True,0,10.0,0,85,2,1,1.0,500.0,0.001,L2,0.1,13.16,0.48,1.02,-2.39033360839e-05,0.000457782231129,25.0,0.63
G,True,0,10.0,0,85,2,1,1.0,500.0,0.001,L1,0.0001,13.57,0.7,0.69,-1.48777555111e-05,-4.0347361389699985e-06,499.0,0.69
G,True,0,10.0,0,85,2,1,1.0,500.0,0.001,L1,0.001,13.06,0.69,0.69,3.61192974196e-07,2.2712090841399998e-07,499.0,0.69
G,True,0,10.0,0,85,2,1,1.0,500.0,0.001,L1,0.01,13.04,0.48,1.17,-0.000136373924319,0.000550360721443,57.0,0.7
G,True,0,10.0,0,85,2,1,1.0,500.0,0.001,L1,0.1,13.0,0.48,1.19,-0.00020879217258,0.00046456245825,77.0,0.68
G,True,0,10.0,0,85,2,1,1.0,500.0,0.01,L2,0.0001,13.98,0.7,0.69,-2.55994341625e-06,2.4627031841599997e-06,499.0,0.69
Q,True,0,10.0,0,10,2,1,1.0,20.0,0.0001,L1,0.001,91.65,0.69,0.69,-0.000414873383386,-0.0004052760650919999,19.0,0.69
G,True,0,10.0,0,85,2,1,1.0,500.0,0.01,L2,0.001,13.7,0.69,0.69,8.9921018509e-07,3.74081496335e-07,499.0,0.69
G,True,0,10.0,0,85,2,1,1.0,500.0,0.01,L2,0.01,13.1,0.7,0.69,-7.450194494660001e-08,-2.0262747713099999e-07,499.0,0.69
G,True,0,10.0,0,85,2,1,1.0,500.0,0.01,L2,0.1,13.08,0.71,0.69,-1.61735235171e-06,7.0006680026300014e-06,499.0,0.69
G,True,0,10.0,0,85,2,1,1.0,500.0,0.01,L1,0.0001,13.07,0.7,0.69,-5.34292113641e-06,7.88243152861e-07,499.0,0.69
G,True,0,10.0,0,85,2,1,1.0,500.0,0.01,L1,0.001,12.94,0.69,0.69,-3.70152068885e-07,-3.1151191271e-06,499.0,0.69
G,True,0,10.0,0,85,2,1,1.0,500.0,0.01,L1,0.01,13.11,0.7,0.69,2.59813745074e-07,-1.18013805395e-07,499.0,0.69
G,True,0,10.0,0,85,2,1,1.0,500.0,0.01,L1,0.1,13.01,0.71,0.69,-1.2391842507700001e-06,4.1995101314199985e-06,499.0,0.69
Q,True,0,10.0,0,10,2,1,1.0,20.0,0.0001,L1,0.01,90.38,0.67,0.67,-0.00037388334209199995,-0.00039395744596300015,19.0,0.67
G,True,0,10.0,0,85,2,1,1.0,500.0,0.1,L2,0.0001,13.15,0.7,0.7,-2.07997170812e-05,-3.32442663105e-05,499.0,0.7
G,True,0,10.0,0,85,2,1,1.0,500.0,0.1,L2,0.001,13.67,0.69,0.69,6.9503713318e-07,4.765085726e-07,499.0,0.69
G,True,0,10.0,0,85,2,1,1.0,500.0,0.1,L2,0.01,13.61,0.7,0.69,-2.35765640344e-09,-1.1133377853e-07,499.0,0.69
G,True,0,10.0,0,85,2,1,1.0,500.0,0.1,L2,0.1,13.32,0.72,0.69,-1.3580101379e-06,6.73792028505e-06,499.0,0.69
G,True,0,10.0,0,85,2,1,1.0,500.0,0.1,L1,0.0001,12.9,0.69,0.69,-1.6777083577899999e-06,-1.4005789357200001e-06,499.0,0.69
G,True,0,10.0,0,85,2,1,1.0,500.0,0.1,L1,0.001,12.95,0.69,0.69,2.2727808557399997e-07,1.3961255843600001e-06,499.0,0.69
G,True,0,10.0,0,85,2,1,1.0,500.0,0.1,L1,0.01,13.0,0.7,0.68,8.72332901469e-08,-2.31574259546e-07,499.0,0.68
Q,True,0,10.0,0,10,2,1,1.0,20.0,0.0001,L1,0.1,91.13,0.68,0.75,-9.24302348092e-05,-0.000134190172659,19.0,0.75
G,True,0,10.0,0,85,2,1,1.0,500.0,0.1,L1,0.1,12.95,0.72,0.69,3.03666155888e-07,-2.85014473389e-06,499.0,0.69
G,True,0,10.0,0,85,2,1,1.0,500.0,1.0,L2,0.0001,13.19,0.69,0.69,-6.6136979842699996e-06,-7.6686706747e-06,499.0,0.69
G,True,0,10.0,0,85,2,1,1.0,500.0,1.0,L2,0.001,13.23,0.69,0.69,-3.17812094752e-07,-2.6720106882600003e-07,499.0,0.69
G,True,0,10.0,0,85,2,1,1.0,500.0,1.0,L2,0.01,13.32,0.7,0.69,-1.82011080985e-07,-8.90670215359e-09,499.0,0.69
G,True,0,10.0,0,85,2,1,1.0,500.0,1.0,L2,0.1,13.13,0.72,0.69,-1.17458446303e-06,8.4168336667e-07,499.0,0.69
G,True,0,10.0,0,85,2,1,1.0,500.0,1.0,L1,0.0001,13.1,0.69,0.69,1.03595426149e-06,-1.425072367e-06,499.0,0.69
G,True,0,10.0,0,85,2,1,1.0,500.0,1.0,L1,0.001,13.04,0.69,0.69,2.69244371132e-07,3.11734579261e-08,499.0,0.69
Q,True,0,10.0,0,10,2,1,1.0,20.0,0.001,L2,0.0001,93.13,0.69,0.69,-7.2444744182e-05,-3.33353190559e-05,19.0,0.69
G,True,0,10.0,0,85,2,1,1.0,500.0,1.0,L1,0.01,13.22,0.7,0.69,4.28621949711e-07,-3.11734580372e-08,499.0,0.69
G,True,0,10.0,0,85,2,1,1.0,500.0,1.0,L1,0.1,13.88,0.71,0.69,-1.21702227984e-06,5.8739701625e-06,499.0,0.69
G,True,0,10.0,0,85,2,2,2.0,500.0,0.0001,L2,0.0001,13.64,0.7,0.68,-1.37559825534e-05,-1.06880427531e-06,499.0,0.68
G,True,0,10.0,0,85,2,2,2.0,500.0,0.0001,L2,0.001,14.32,0.67,0.68,-7.75353059059e-05,-1.44822979291e-05,499.0,0.68
G,True,0,10.0,0,85,2,2,2.0,500.0,0.0001,L2,0.01,15.34,0.31,1.39,-0.000332895437935,0.000829334224004,35.0,0.67
G,True,0,10.0,0,85,2,2,2.0,500.0,0.0001,L2,0.1,13.79,0.32,1.77,-0.000281027938229,0.00155228902249,10.0,0.61
Q,True,0,10.0,0,10,2,1,1.0,20.0,0.001,L2,0.001,96.51,0.69,0.69,-0.000120599054125,-0.000127989753671,19.0,0.69
G,True,0,10.0,0,85,2,2,2.0,500.0,0.0001,L1,0.0001,13.81,0.7,0.71,-1.46669810209e-05,-2.59630371855e-05,499.0,0.71
G,True,0,10.0,0,85,2,2,2.0,500.0,0.0001,L1,0.001,13.77,0.69,0.69,-8.25132618187e-06,-4.39323090629e-06,499.0,0.69
G,True,0,10.0,0,85,2,2,2.0,500.0,0.0001,L1,0.01,14.11,0.38,1.17,-0.00032701308499400003,0.000755128033845,76.0,0.67
G,True,0,10.0,0,85,2,2,2.0,500.0,0.0001,L1,0.1,14.76,0.29,1.07,-0.000107784510197,3.25339568026e-05,21.0,0.64
G,True,0,10.0,0,85,2,2,2.0,500.0,0.001,L2,0.0001,14.06,0.69,0.69,-4.46917364139e-06,-9.67490536619e-06,499.0,0.69
G,True,0,10.0,0,85,2,2,2.0,500.0,0.001,L2,0.001,14.48,0.68,0.68,-5.36725215136e-05,-5.69360944114e-06,499.0,0.68
G,True,0,10.0,0,85,2,2,2.0,500.0,0.001,L2,0.01,14.35,0.42,1.15,-0.00030629305670200005,0.000622324649298,32.0,0.68
Q,True,0,10.0,0,10,2,1,1.0,20.0,0.001,L2,0.01,97.36,0.67,0.67,-0.000112595496989,-0.000100184672207,19.0,0.67
G,True,0,10.0,0,85,2,2,2.0,500.0,0.001,L2,0.1,14.68,0.39,1.02,-8.71512436638e-05,1.36317078601e-05,21.0,0.64
G,True,0,10.0,0,85,2,2,2.0,500.0,0.001,L1,0.0001,14.3,0.76,0.8,-0.00015645125545200002,-0.000192896904921,499.0,0.8
G,True,0,10.0,0,85,2,2,2.0,500.0,0.001,L1,0.001,13.78,0.68,0.69,-2.32780855829e-05,-9.89534624807e-06,499.0,0.69
G,True,0,10.0,0,85,2,2,2.0,500.0,0.001,L1,0.01,13.39,0.4,1.13,-0.0003999684074030002,0.0007420062346919997,83.0,0.68
G,True,0,10.0,0,85,2,2,2.0,500.0,0.001,L1,0.1,13.31,0.36,1.27,-0.00026946881999299996,0.000517528390114,62.0,0.67
G,True,0,10.0,0,85,2,2,2.0,500.0,0.01,L2,0.0001,13.56,0.7,0.7,-1.56190027112e-05,-1.53640614564e-07,499.0,0.7
G,True,0,10.0,0,85,2,2,2.0,500.0,0.01,L2,0.001,13.57,0.69,0.69,8.57715430902e-07,-5.80048986876e-06,499.0,0.69
Q,True,0,10.0,0,10,2,1,1.0,20.0,0.001,L2,0.1,94.99,0.69,0.77,-8.41628708992e-06,-4.91466356833e-07,19.0,0.77
G,True,0,10.0,0,85,2,2,2.0,500.0,0.01,L2,0.01,14.43,0.7,0.69,-7.403041368810001e-08,6.90269428283e-08,499.0,0.69
G,True,0,10.0,0,85,2,2,2.0,500.0,0.01,L2,0.1,14.04,0.72,0.69,-1.88376753518e-06,-1.05767089742e-06,499.0,0.69
G,True,0,10.0,0,85,2,2,2.0,500.0,0.01,L1,0.0001,14.46,0.72,0.73,-5.86127549215e-05,-8.32108661767e-05,499.0,0.73
G,True,0,10.0,0,85,2,2,2.0,500.0,0.01,L1,0.001,13.81,0.67,0.68,-1.52790286455e-05,3.50478735256e-06,76.0,0.66
G,True,0,10.0,0,85,2,2,2.0,500.0,0.01,L1,0.01,13.7,0.7,0.69,1.41930920661e-06,1.38053885557e-06,76.0,0.68
G,True,0,10.0,0,85,2,2,2.0,500.0,0.01,L1,0.1,13.4,0.72,0.69,-1.9728869503599997e-06,6.09663771989e-06,499.0,0.69
G,True,0,10.0,0,85,2,2,2.0,500.0,0.1,L2,0.0001,13.51,0.69,0.7,1.4787221501700004e-06,-9.18503674019e-06,499.0,0.7
Q,True,0,10.0,0,10,2,1,1.0,20.0,0.001,L1,0.0001,92.7,0.69,0.69,9.05240181259e-07,9.83429144452e-06,19.0,0.69
G,True,0,10.0,0,85,2,2,2.0,500.0,0.1,L2,0.001,13.69,0.69,0.69,2.7018743376e-07,1.16900467595e-06,499.0,0.69
G,True,0,10.0,0,85,2,2,2.0,500.0,0.1,L2,0.01,14.25,0.7,0.69,6.27136625964e-08,1.38053885546e-07,0.0,0.67
G,True,0,10.0,0,85,2,2,2.0,500.0,0.1,L2,0.1,14.33,0.72,0.69,-1.68761051511e-06,-9.97550656967e-07,499.0,0.69
G,True,0,10.0,0,85,2,2,2.0,500.0,0.1,L1,0.0001,14.21,0.7,0.7,-9.76871389835e-06,-2.30705856157e-05,499.0,0.7
G,True,0,10.0,0,85,2,2,2.0,500.0,0.1,L1,0.001,14.13,0.69,0.69,5.54992337642e-07,9.040302827450001e-07,0.0,0.68
G,True,0,10.0,0,85,2,2,2.0,500.0,0.1,L1,0.01,13.6,0.7,0.69,-1.26794766009e-06,-7.185482075339999e-06,499.0,0.69
G,True,0,10.0,0,85,2,2,2.0,500.0,0.1,L1,0.1,14.06,0.72,0.69,-1.2292820935600001e-06,-4.61812513919e-06,0.0,0.68
Q,True,0,10.0,0,10,2,1,1.0,20.0,0.001,L1,0.001,94.01,0.68,0.68,-0.000306206267113,-0.000295837925317,19.0,0.68
G,True,0,10.0,0,85,2,2,2.0,500.0,1.0,L2,0.0001,13.91,0.69,0.69,-9.17599905725e-07,1.18681808059e-06,499.0,0.69
G,True,0,10.0,0,85,2,2,2.0,500.0,1.0,L2,0.001,13.83,0.69,0.69,-1.16939761874e-07,-2.11534179506e-07,499.0,0.69
G,True,0,10.0,0,85,2,2,2.0,500.0,1.0,L2,0.01,13.78,0.7,0.69,-3.7722503898300004e-08,5.1213538188e-08,499.0,0.69
G,True,0,10.0,0,85,2,2,2.0,500.0,1.0,L2,0.1,14.0,0.72,0.69,-2.3906636803499997e-07,2.57849031393e-06,499.0,0.69
G,True,0,10.0,0,85,2,2,2.0,500.0,1.0,L1,0.0001,13.69,0.7,0.7,-9.36508310745e-06,-1.32910264974e-05,499.0,0.7
G,True,0,10.0,0,85,2,2,2.0,500.0,1.0,L1,0.001,13.66,0.69,0.69,-1.7545679593700001e-06,-1.32932531738e-06,499.0,0.69
Q,True,0,10.0,0,10,2,1,1.0,20.0,0.001,L1,0.01,92.05,0.67,0.67,-0.00021011145836200002,-0.00020856045036200002,19.0,0.67
G,True,0,10.0,0,85,2,2,2.0,500.0,1.0,L1,0.01,13.9,0.69,0.69,2.73016621422e-07,-1.07771097746e-06,499.0,0.69
G,True,0,10.0,0,85,2,2,2.0,500.0,1.0,L1,0.1,13.59,0.71,0.69,4.52245667804e-06,-4.3063905589300005e-06,499.0,0.69
G,True,0,10.0,0,85,2,5,5.0,500.0,0.0001,L2,0.0001,14.03,0.71,0.71,-4.01697512673e-05,-2.05499888666e-05,499.0,0.71
G,True,0,10.0,0,85,2,5,5.0,500.0,0.0001,L2,0.001,14.53,0.67,0.69,-7.30321820112e-05,-3.90224894232e-05,499.0,0.69
G,True,0,10.0,0,85,2,5,5.0,500.0,0.0001,L2,0.01,14.64,0.32,1.26,-0.0005253004833199999,0.0014912602983699998,60.0,0.67
G,True,0,10.0,0,85,2,5,5.0,500.0,0.0001,L2,0.1,14.15,0.15,1.9,0.00017651726983400004,-0.00041571810287199996,13.0,0.65
G,True,0,10.0,0,85,2,5,5.0,500.0,0.0001,L1,0.0001,13.94,0.69,0.69,-5.89649888016e-06,-6.70006680026e-06,499.0,0.69
Q,True,0,10.0,0,10,2,1,1.0,20.0,0.001,L1,0.1,93.3,0.68,0.75,-2.72901725594e-05,-1.76878245416e-05,19.0,0.75
G,True,0,10.0,0,85,2,5,5.0,500.0,0.0001,L1,0.001,14.1,0.63,0.67,-0.000176972769067,0.000108857715431,456.0,0.66
G,True,0,10.0,0,85,2,5,5.0,500.0,0.0001,L1,0.01,13.98,0.28,1.48,-0.000522973476365,0.00181182810065,67.0,0.66
G,True,0,10.0,0,85,2,5,5.0,500.0,0.0001,L1,0.1,14.35,0.14,2.9,-0.000198817399505,0.00296911378312,15.0,0.64
G,True,0,10.0,0,85,2,5,5.0,500.0,0.001,L2,0.0001,14.37,0.7,0.71,-1.62843333726e-05,-2.42106435091e-05,499.0,0.71
G,True,0,10.0,0,85,2,5,5.0,500.0,0.001,L2,0.001,14.39,0.64,0.7,-0.00013473158080899998,7.64105989758e-05,481.0,0.69
G,True,0,10.0,0,85,2,5,5.0,500.0,0.001,L2,0.01,14.24,0.36,1.26,-0.000537789461276,0.00157479625918,90.0,0.68
G,True,0,10.0,0,85,2,5,5.0,500.0,0.001,L2,0.1,14.26,0.11,1.81,-0.000140502180832,0.000247152081942,8.0,0.61
Q,True,0,10.0,0,10,2,1,1.0,20.0,0.01,L2,0.0001,96.54,0.69,0.69,3.78583995864e-05,6.72365690683e-05,19.0,0.69
G,True,0,10.0,0,85,2,5,5.0,500.0,0.001,L1,0.0001,14.02,0.68,0.67,-7.99481315572e-06,3.08171899344e-06,499.0,0.67
G,True,0,10.0,0,85,2,5,5.0,500.0,0.001,L1,0.001,14.16,0.66,0.69,-0.000106295414358,4.30126920508e-05,259.0,0.68
G,True,0,10.0,0,85,2,5,5.0,500.0,0.001,L1,0.01,13.68,0.37,1.14,-0.000614067664741,0.00102382988199,97.0,0.69
G,True,0,10.0,0,85,2,5,5.0,500.0,0.001,L1,0.1,14.16,0.16,2.06,-0.000297962041731,0.0013646158984600002,11.0,0.63
G,True,0,10.0,0,85,2,5,5.0,500.0,0.01,L2,0.0001,14.14,0.69,0.68,-5.63055522818e-06,-8.11623246488e-06,499.0,0.68
G,True,0,10.0,0,85,2,5,5.0,500.0,0.01,L2,0.001,13.92,0.69,0.7,-4.22114817866e-06,-1.2516143397999999e-05,499.0,0.7
Q,True,0,10.0,0,10,2,1,1.0,20.0,0.01,L2,0.001,95.41,0.69,0.69,-3.00931195363e-06,-1.01371141494e-05,19.0,0.69
G,True,0,10.0,0,85,2,5,5.0,500.0,0.01,L2,0.01,14.24,0.6,0.72,-0.000104076859602,7.72923625029e-05,227.0,0.68
G,True,0,10.0,0,85,2,5,5.0,500.0,0.01,L2,0.1,13.94,0.72,0.69,-4.3574207238e-06,-2.63415720325e-06,6.0,0.68
G,True,0,10.0,0,85,2,5,5.0,500.0,0.01,L1,0.0001,14.67,0.69,0.68,-3.47047035221e-07,-1.20685816085e-06,499.0,0.68
G,True,0,10.0,0,85,2,5,5.0,500.0,0.01,L1,0.001,13.94,0.69,0.69,7.5501591417800005e-06,6.29926519713e-06,499.0,0.69
G,True,0,10.0,0,85,2,5,5.0,500.0,0.01,L1,0.01,14.52,0.7,0.69,-1.62159613348e-06,-6.68002672066e-08,499.0,0.69
G,True,0,10.0,0,85,2,5,5.0,500.0,0.01,L1,0.1,14.49,0.72,0.69,-3.82176116942e-06,-2.21108884446e-06,499.0,0.69
G,True,0,10.0,0,85,2,5,5.0,500.0,0.1,L2,0.0001,14.48,0.71,0.7,-3.44260285278e-05,-1.42150968604e-05,499.0,0.7
Q,True,0,10.0,0,10,2,1,1.0,20.0,0.01,L2,0.01,97.43,0.69,0.7,-4.0783676318300014e-06,-2.68072558306e-05,19.0,0.7
G,True,0,10.0,0,85,2,5,5.0,500.0,0.1,L2,0.001,14.73,0.69,0.69,-3.06401037375e-06,-7.88243152972e-07,499.0,0.69
G,True,0,10.0,0,85,2,5,5.0,500.0,0.1,L2,0.01,15.55,0.7,0.69,-5.960155605720001e-07,7.125361833889999e-08,4.0,0.68
G,True,0,10.0,0,85,2,5,5.0,500.0,0.1,L2,0.1,14.13,0.72,0.69,-3.93162796186e-06,-2.53841015363e-06,499.0,0.69
G,True,0,10.0,0,85,2,5,5.0,500.0,0.1,L1,0.0001,14.14,0.69,0.69,3.8632559237199986e-06,1.38209752839e-05,244.0,0.68
G,True,0,10.0,0,85,2,5,5.0,500.0,0.1,L1,0.001,14.8,0.7,0.69,-2.6207709537e-06,-2.50055666895e-06,499.0,0.69
G,True,0,10.0,0,85,2,5,5.0,500.0,0.1,L1,0.01,14.19,0.7,0.69,-5.05953082541e-07,-1.78134045292e-08,499.0,0.69
G,True,0,10.0,0,85,2,5,5.0,500.0,0.1,L1,0.1,14.4,0.72,0.69,-2.89001532483e-06,-1.9995546649599998e-06,499.0,0.69
Q,True,0,10.0,0,10,2,1,1.0,20.0,0.01,L2,0.1,98.71,0.71,0.77,-1.86579468597e-06,0.0,19.0,0.77
G,True,0,10.0,0,85,2,5,5.0,500.0,1.0,L2,0.0001,14.97,0.71,0.7,-3.6745490982e-05,-2.82498329994e-05,499.0,0.7
G,True,0,10.0,0,85,2,5,5.0,500.0,1.0,L2,0.001,14.41,0.69,0.69,5.5640693052999996e-08,3.34001335478e-08,499.0,0.69
G,True,0,10.0,0,85,2,5,5.0,500.0,1.0,L2,0.01,14.85,0.7,0.69,-9.487209713389999e-07,-2.22667557725e-08,499.0,0.69
G,True,0,10.0,0,85,2,5,5.0,500.0,1.0,L2,0.1,15.09,0.72,0.69,-3.6751149358199997e-06,6.02538410144e-06,499.0,0.69
G,True,0,10.0,0,85,2,5,5.0,500.0,1.0,L1,0.0001,14.96,0.69,0.69,-1.78710361898e-06,-3.40904030272e-06,499.0,0.69
G,True,0,10.0,0,85,2,5,5.0,500.0,1.0,L1,0.001,15.75,0.69,0.69,-1.78710361842e-07,-3.34001336033e-07,499.0,0.69
Q,True,0,10.0,0,10,2,1,1.0,20.0,0.01,L1,0.0001,99.37,0.69,0.69,-4.74437336317e-05,-0.000103982366783,19.0,0.69
G,True,0,10.0,0,85,2,5,5.0,500.0,1.0,L1,0.01,16.47,0.69,0.69,-1.7305198629600001e-07,1.78134046402e-08,0.0,0.68
G,True,0,10.0,0,85,2,5,5.0,500.0,1.0,L1,0.1,15.99,0.72,0.69,1.92290463286e-06,-5.8183032732900005e-06,499.0,0.69
G,True,0,10.0,0,85,2,10,10.0,500.0,0.0001,L2,0.0001,15.02,0.7,0.69,-1.23640221621e-05,-1.53640614563e-05,499.0,0.69
G,True,0,10.0,0,85,2,10,10.0,500.0,0.0001,L2,0.001,15.11,0.69,0.69,-3.90319462454e-05,-1.84301937208e-05,499.0,0.69
G,True,0,10.0,0,85,2,10,10.0,500.0,0.0001,L2,0.01,15.13,0.23,1.38,-0.00043422327007,0.00151717212202,47.0,0.67
G,True,0,10.0,0,85,2,10,10.0,500.0,0.0001,L2,0.1,15.11,0.05,2.24,-0.000101915360132,0.000526978401247,8.0,0.63
G,True,0,10.0,0,85,2,10,10.0,500.0,0.0001,L1,0.0001,14.85,0.69,0.7,-3.84816692212e-06,-1.6032064127399999e-06,499.0,0.7
Q,True,0,10.0,0,10,2,1,1.0,20.0,0.01,L1,0.001,97.1,0.69,0.69,-1.0318248844199999e-07,-4.17001757369e-06,19.0,0.69
G,True,0,10.0,0,85,2,10,10.0,500.0,0.0001,L1,0.001,14.22,0.61,0.69,-0.000181572085347,0.000162090848363,312.0,0.67
G,True,0,10.0,0,85,2,10,10.0,500.0,0.0001,L1,0.01,13.99,0.22,1.62,-0.000429664505482,0.0017656000890699996,58.0,0.69
G,True,0,10.0,0,85,2,10,10.0,500.0,0.0001,L1,0.1,14.21,0.06,2.64,-0.000126843333726,0.0007911912714319999,10.0,0.64
G,True,0,10.0,0,85,2,10,10.0,500.0,0.001,L2,0.0001,14.11,0.69,0.71,-4.58847105977e-06,-6.92496103238e-07,106.0,0.7
G,True,0,10.0,0,85,2,10,10.0,500.0,0.001,L2,0.001,14.39,0.64,0.67,-0.000136035836379,5.57470496548e-05,499.0,0.67
G,True,0,10.0,0,85,2,10,10.0,500.0,0.001,L2,0.01,14.21,0.28,1.43,-0.000491725097253,0.00108496548653,33.0,0.68
Q,True,0,10.0,0,10,2,1,1.0,20.0,0.01,L1,0.01,91.67,0.69,0.7,-1.0648007300299998e-06,-4.05385279838e-05,19.0,0.7
G,True,0,10.0,0,85,2,10,10.0,500.0,0.001,L2,0.1,14.04,0.08,1.43,-0.000100733231168,1.28122912493e-05,12.0,0.63
G,True,0,10.0,0,85,2,10,10.0,500.0,0.001,L1,0.0001,14.01,0.68,0.7,-8.15324767178e-06,-1.35582275662e-05,499.0,0.7
G,True,0,10.0,0,85,2,10,10.0,500.0,0.001,L1,0.001,13.95,0.63,0.68,-0.00018179794883900005,0.000102945891784,484.0,0.67
G,True,0,10.0,0,85,2,10,10.0,500.0,0.001,L1,0.01,14.05,0.28,1.33,-0.000475955676058,0.00110351146738,65.0,0.65
G,True,0,10.0,0,85,2,10,10.0,500.0,0.001,L1,0.1,13.94,0.19,1.72,-0.00034455122008699996,0.00235051658873,11.0,0.64
G,True,0,10.0,0,85,2,10,10.0,500.0,0.01,L2,0.0001,14.13,0.7,0.69,-7.38512318754e-06,-2.10643509224e-06,499.0,0.69
G,True,0,10.0,0,85,2,10,10.0,500.0,0.01,L2,0.001,14.07,0.68,0.69,-2.23619002712e-05,-2.02538410153e-05,499.0,0.69
Q,True,0,10.0,0,10,2,1,1.0,20.0,0.01,L1,0.1,90.42,0.71,0.77,-1.7519748278799999e-06,0.0,19.0,0.77
G,True,0,10.0,0,85,2,10,10.0,500.0,0.01,L2,0.01,14.93,0.6,0.72,-0.00011709631026799999,8.83344466711e-05,250.0,0.68
G,True,0,10.0,0,85,2,10,10.0,500.0,0.01,L2,0.1,14.62,0.72,0.69,-8.53471649176e-06,-5.4219550211800006e-06,0.0,0.68
G,True,0,10.0,0,85,2,10,10.0,500.0,0.01,L1,0.0001,14.38,0.69,0.67,-8.19568548871e-06,-1.14050322868e-05,499.0,0.67
G,True,0,10.0,0,85,2,10,10.0,500.0,0.01,L1,0.001,14.67,0.69,0.69,2.5887068266799996e-07,-1.20908483636e-06,499.0,0.69
G,True,0,10.0,0,85,2,10,10.0,500.0,0.01,L1,0.01,14.6,0.7,0.69,-3.0649534466000004e-08,-5.328434647069999e-06,102.0,0.68
G,True,0,10.0,0,85,2,10,10.0,500.0,0.01,L1,0.1,15.38,0.72,0.69,-8.16079217258e-06,-3.06390558902e-06,0.0,0.68
Q,True,0,10.0,0,10,2,1,1.0,20.0,0.1,L2,0.0001,97.28,0.7,0.69,-0.000157152248421,-0.000135897894141,19.0,0.69
G,True,0,10.0,0,85,2,10,10.0,500.0,0.1,L2,0.0001,14.56,0.69,0.7,-7.79724154198e-06,-1.0547762191e-05,499.0,0.7
G,True,0,10.0,0,85,2,10,10.0,500.0,0.1,L2,0.001,14.81,0.69,0.69,-3.22055876523e-07,-1.06435092407e-05,499.0,0.69
G,True,0,10.0,0,85,2,10,10.0,500.0,0.1,L2,0.01,14.99,0.7,0.69,1.54190734403e-07,6.22801157868e-06,499.0,0.69
G,True,0,10.0,0,85,2,10,10.0,500.0,0.1,L2,0.1,14.52,0.72,0.69,-8.5592361192e-06,-5.02560676907e-06,499.0,0.69
G,True,0,10.0,0,85,2,10,10.0,500.0,0.1,L1,0.0001,14.48,0.7,0.7,-5.22315218676e-06,-1.74816299267e-05,499.0,0.7
G,True,0,10.0,0,85,2,10,10.0,500.0,0.1,L1,0.001,14.7,0.69,0.69,2.03229989393e-07,1.40280561056e-07,499.0,0.69
G,True,0,10.0,0,85,2,10,10.0,500.0,0.1,L1,0.01,15.84,0.7,0.69,-4.62572203208e-07,5.36628813275e-07,499.0,0.69
Q,True,0,10.0,0,10,2,1,1.0,20.0,0.1,L2,0.001,96.53,0.69,0.69,-1.70442578413e-05,-1.32398057964e-05,19.0,0.69
G,True,0,10.0,0,85,2,10,10.0,500.0,0.1,L1,0.1,14.38,0.72,0.69,-5.1420488035300005e-06,4.47339122689e-06,499.0,0.69
G,True,0,10.0,0,85,2,10,10.0,500.0,1.0,L2,0.0001,14.23,0.7,0.7,-1.36470588236e-05,-2.03629481184e-05,499.0,0.7
G,True,0,10.0,0,85,2,10,10.0,500.0,1.0,L2,0.001,14.63,0.69,0.69,-1.84368737388e-07,-2.1910487642e-06,499.0,0.69
G,True,0,10.0,0,85,2,10,10.0,500.0,1.0,L2,0.01,14.84,0.7,0.69,-8.3791111638e-07,-6.82698730792e-06,499.0,0.69
G,True,0,10.0,0,85,2,10,10.0,500.0,1.0,L2,0.1,14.23,0.72,0.69,-6.42037015208e-06,1.02026274772e-05,499.0,0.69
G,True,0,10.0,0,85,2,10,10.0,500.0,1.0,L1,0.0001,14.46,0.7,0.69,-3.34032771432e-06,-3.09730572257e-06,499.0,0.69
Q,True,0,10.0,0,10,2,1,1.0,20.0,0.1,L2,0.01,95.4,0.69,0.7,-3.41459574804e-06,-2.69710779496e-05,19.0,0.7
G,True,0,10.0,0,85,2,10,10.0,500.0,1.0,L1,0.001,14.45,0.69,0.69,2.47082400207e-07,6.6800266429499995e-09,499.0,0.69
G,True,0,10.0,0,85,2,10,10.0,500.0,1.0,L1,0.01,14.35,0.7,0.69,1.11022302463e-16,8.01603206035e-08,499.0,0.69
G,True,0,10.0,0,85,2,10,10.0,500.0,1.0,L1,0.1,14.25,0.72,0.69,-3.93162796175e-06,-9.28969049208e-06,499.0,0.69
G,True,0,10.0,0,85,2,15,15.0,500.0,0.0001,L2,0.0001,15.16,0.69,0.69,-8.067428975630003e-06,-1.39968826542e-05,499.0,0.69
G,True,0,10.0,0,85,2,15,15.0,500.0,0.0001,L2,0.001,15.83,0.61,0.71,-0.00020470918307200002,0.00020964818525900009,382.0,0.69
G,True,0,10.0,0,85,2,15,15.0,500.0,0.0001,L2,0.01,15.62,0.21,1.7,-0.000408862430744,0.0019269093743,35.0,0.68
G,True,0,10.0,0,85,2,15,15.0,500.0,0.0001,L2,0.1,15.44,0.05,2.17,-9.96105151479e-05,0.000329060342908,6.0,0.62
Q,True,0,10.0,0,10,2,1,1.0,20.0,0.1,L2,0.1,98.49,0.71,0.77,-1.8572847900700002e-06,0.0,19.0,0.77
G,True,0,10.0,0,85,2,15,15.0,500.0,0.0001,L1,0.0001,15.8,0.69,0.68,-1.18656135801e-05,1.54308617251e-06,499.0,0.68
G,True,0,10.0,0,85,2,15,15.0,500.0,0.0001,L1,0.001,15.3,0.61,0.7,-0.000203913238241,0.00015297261188999998,460.0,0.69
G,True,0,10.0,0,85,2,15,15.0,500.0,0.0001,L1,0.01,15.23,0.24,1.57,-0.00046568525285900004,0.0019502805611199998,64.0,0.68
G,True,0,10.0,0,85,2,15,15.0,500.0,0.0001,L1,0.1,14.36,0.06,3.12,-0.000112889308028,0.00104547762191,11.0,0.62
G,True,0,10.0,0,85,2,15,15.0,500.0,0.001,L2,0.0001,14.57,0.69,0.68,-2.95136154661e-05,-1.87352482744e-05,499.0,0.68
G,True,0,10.0,0,85,2,15,15.0,500.0,0.001,L2,0.001,15.17,0.64,0.68,-0.000183968407403,6.62257849031e-05,499.0,0.68
Q,True,0,10.0,0,10,2,1,,,,,,,,,,,,
Q,True,0,10.0,0,10,2,50,50.0,20.0,0.1,L1,0.01,119.14,0.7,0.72,-4.72586433949e-05,-0.00041780597503900016,19.0,0.72
Q,True,0,10.0,0,10,2,50,50.0,20.0,0.1,L1,0.1,118.79,0.71,0.78,-9.04399828953e-05,-0.00021281982545500009,19.0,0.78
G,True,0,10.0,0,85,2,5,5.0,500.0,0.1,L2,0.0001,131.01,0.23,0.2,-2.27904875754e-05,-1.82059467773e-05,499.0,0.2
Q,True,0,10.0,0,10,2,50,50.0,20.0,1.0,L2,0.0001,115.75,0.69,0.7,-5.04317708472e-06,0.0,19.0,0.7
G,True,0,10.0,0,85,2,5,5.0,500.0,0.1,L2,0.001,131.34,0.22,0.19,-1.38653396456e-06,-2.25730530831e-06,499.0,0.19
Q,True,0,10.0,0,10,2,50,50.0,20.0,1.0,L2,0.001,114.18,0.69,0.7,-1.98067828117e-06,-1.11022302463e-16,19.0,0.7
G,True,0,10.0,0,85,2,5,5.0,500.0,0.1,L2,0.01,131.07,0.22,0.19,-4.96385049037e-07,-6.89751596117e-08,499.0,0.19
Q,True,0,10.0,0,10,2,50,50.0,20.0,1.0,L2,0.01,114.39,0.7,0.74,-0.00016600041273,-0.00102047776487,19.0,0.74
G,True,0,10.0,0,85,2,5,5.0,500.0,0.1,L2,0.1,135.74,0.22,0.2,-4.07789426921e-07,1.8147923754299998e-06,82.0,0.19
Q,True,0,10.0,0,10,2,50,50.0,20.0,1.0,L2,0.1,114.84,0.71,0.78,-0.000100005105938,-0.00026840020254400004,19.0,0.78
G,True,0,10.0,0,85,2,5,5.0,500.0,0.1,L1,0.0001,130.03,0.23,0.21,-3.09139823857e-05,-3.7073449224e-05,499.0,0.21
Q,True,0,10.0,0,10,2,50,50.0,20.0,1.0,L1,0.0001,118.23,0.69,0.69,-7.137675224089999e-06,-1.32398057964e-05,19.0,0.69
G,True,0,10.0,0,85,2,5,5.0,500.0,0.1,L1,0.001,129.93,0.22,0.19,-2.91581918505e-06,-2.63014400895e-06,499.0,0.19
Q,True,0,10.0,0,10,2,50,50.0,20.0,1.0,L1,0.001,119.12,0.69,0.7,1.26584702165e-07,0.0,19.0,0.7
G,True,0,10.0,0,85,2,5,5.0,500.0,0.1,L1,0.01,131.42,0.22,0.19,-3.85428391009e-07,-1.78962576286e-07,499.0,0.19
Q,True,0,10.0,0,10,2,50,50.0,20.0,1.0,L1,0.01,118.47,0.7,0.7,-1.89026063685e-05,-0.000184701992673,19.0,0.7
G,True,0,10.0,0,85,2,5,5.0,500.0,0.1,L1,0.1,129.97,0.22,0.2,-9.0592143176e-08,1.2825651302700002e-06,144.0,0.19
Q,True,0,10.0,0,10,2,50,50.0,20.0,1.0,L1,0.1,118.54,0.71,0.78,-9.96700287849e-05,-0.000113920908667,19.0,0.78
G,True,0,10.0,0,85,2,5,5.0,500.0,1.0,L2,0.0001,133.57,0.24,0.21,-3.87721894599e-05,-4.34410681829e-05,499.0,0.21
Q,True,0,10.0,0,10,2,100,100.0,20.0,0.0001,L2,0.0001,152.84,0.68,0.68,-0.00017591444150599994,-0.000162923579464,19.0,0.68
G,True,0,10.0,0,85,2,5,5.0,500.0,1.0,L2,0.001,131.43,0.22,0.19,-3.03680836147e-06,-3.4555156825699995e-06,499.0,0.19
Q,True,0,10.0,0,10,2,100,100.0,20.0,0.0001,L2,0.001,152.6,0.67,0.68,-0.000318551998655,-0.00030363188673400004,19.0,0.68
G,True,0,10.0,0,85,2,5,5.0,500.0,1.0,L2,0.01,137.36,0.22,0.19,-3.8517882589e-07,-1.7709838282e-07,499.0,0.19
Q,True,0,10.0,0,10,2,100,100.0,20.0,0.0001,L2,0.01,151.87,0.67,0.68,-0.00027945860042,-0.000480088166086,19.0,0.68
G,True,0,10.0,0,85,2,5,5.0,500.0,1.0,L2,0.1,131.89,0.22,0.2,-2.0379488741e-07,9.84294169698e-07,49.0,0.19
Q,True,0,10.0,0,10,2,100,100.0,20.0,0.0001,L2,0.1,151.44,0.68,0.75,-0.000105370595331,-7.83020085585e-05,19.0,0.75
G,True,0,10.0,0,85,2,5,5.0,500.0,1.0,L1,0.0001,130.43,0.24,0.21,-3.54121443385e-05,-4.17346320548e-05,499.0,0.21
Q,True,0,10.0,0,10,2,100,100.0,20.0,0.0001,L1,0.0001,172.53,0.68,0.68,-0.000207581891792,-0.000193955460241,19.0,0.68
G,True,0,10.0,0,85,2,5,5.0,500.0,1.0,L1,0.001,130.5,0.22,0.19,-3.7239609979599997e-06,-3.3322458871400007e-06,499.0,0.19
G,True,0,10.0,0,85,2,5,5.0,500.0,1.0,L1,0.01,133.83,0.22,0.19,-1.4459803796e-07,3.43943701353e-07,498.0,0.19
Q,True,0,10.0,0,10,2,100,100.0,20.0,0.0001,L1,0.001,173.18,0.67,0.68,-0.00030136413632,-0.00029157358591699997,19.0,0.68
G,True,0,10.0,0,85,2,5,5.0,500.0,1.0,L1,0.1,130.78,0.22,0.19,-7.10811411092e-07,7.23773127653e-06,493.0,0.19
Q,True,0,10.0,0,10,2,100,100.0,20.0,0.0001,L1,0.01,159.52,0.68,0.73,-0.000187146440417,9.34630010226e-05,5.0,0.72
G,True,0,10.0,0,85,2,10,10.0,500.0,0.0,L2,0.0001,134.58,0.22,0.2,-2.22976463512e-05,-1.85825138649e-05,499.0,0.2
Q,True,0,10.0,0,10,2,100,100.0,20.0,0.0001,L1,0.1,158.83,0.68,0.76,-0.000312769524361,-0.000797282538548,19.0,0.76
G,True,0,10.0,0,85,2,10,10.0,500.0,0.0,L2,0.001,135.29,0.2,0.19,-3.06381630009e-05,1.3175886656999995e-05,157.0,0.19
Q,True,0,10.0,0,10,2,100,100.0,20.0,0.001,L2,0.0001,151.9,0.68,0.68,-0.00016872570690700005,-0.000156504730984,19.0,0.68
G,True,0,10.0,0,85,2,10,10.0,500.0,0.0,L2,0.01,135.59,0.06,0.45,-0.000122436604217,0.0005197630144009999,20.0,0.19
Q,True,0,10.0,0,10,2,100,100.0,20.0,0.001,L2,0.001,152.61,0.68,0.68,-0.000170357479454,-0.000208937737666,19.0,0.68
G,True,0,10.0,0,85,2,10,10.0,500.0,0.0,L2,0.1,136.75,0.07,0.51,-1.49120657255e-05,4.09353590902e-05,218.0,0.4
Q,True,0,10.0,0,10,2,100,100.0,20.0,0.001,L2,0.01,152.17,0.68,0.72,-0.000160620031019,-0.000782841370546,19.0,0.72
G,True,0,10.0,0,85,2,10,10.0,500.0,0.0,L1,0.0001,134.09,0.23,0.21,-3.55002408303e-05,-3.06177471222e-05,499.0,0.21
G,True,0,10.0,0,85,2,10,10.0,500.0,0.0,L1,0.001,135.7,0.2,0.19,-2.92079052251e-05,9.93149088829e-07,295.0,0.19
Q,True,0,10.0,0,10,2,100,100.0,20.0,0.001,L2,0.1,152.58,0.7,0.78,-2.03492886791e-05,-0.000168438924136,19.0,0.78
G,True,0,10.0,0,85,2,10,10.0,500.0,0.0,L1,0.01,134.13,0.06,0.48,-0.00011874618477299999,0.000520280095074,12.0,0.19
Q,True,0,10.0,0,10,2,100,100.0,20.0,0.001,L1,0.0001,173.15,0.68,0.68,-6.81408643076e-05,-5.1996147698e-05,19.0,0.68
G,True,0,10.0,0,85,2,10,10.0,500.0,0.0,L1,0.1,135.49,0.03,0.95,-5.27857208814e-05,0.000631982802815,-inf,inf
Q,True,0,10.0,0,10,2,100,100.0,20.0,0.001,L1,0.001,170.11,0.69,0.7,0.000135833895341,-0.000109870034452,2.0,0.69
G,True,0,10.0,0,85,2,10,10.0,500.0,0.0001,L2,0.0001,133.71,0.22,0.19,-1.18415161581e-05,-9.464277392010001e-06,499.0,0.19
Q,True,0,10.0,0,10,2,100,100.0,20.0,0.001,L1,0.01,166.85,0.71,0.8,-0.00042576817767,-0.00228710570995,19.0,0.8
G,True,0,10.0,0,85,2,10,10.0,500.0,0.0001,L2,0.001,134.47,0.2,0.19,-3.23459372044e-05,5.99268304052e-06,210.0,0.19
G,True,0,10.0,0,85,2,10,10.0,500.0,0.0001,L2,0.01,134.91,0.07,0.42,-0.00012941459506799998,0.000348853987044,26.0,0.19
Q,True,0,10.0,0,10,2,100,100.0,20.0,0.001,L1,0.1,173.15,0.71,0.79,-0.00023084688356999998,-0.00045490423852499994,19.0,0.79
G,True,0,10.0,0,85,2,10,10.0,500.0,0.0001,L2,0.1,133.61,0.08,0.34,-4.55370516874e-05,8.97397119821e-05,5.0,0.19
Q,True,0,10.0,0,10,2,100,100.0,20.0,0.01,L2,0.0001,151.78,0.69,0.69,7.18724536797e-05,8.53265024474e-05,19.0,0.69
G,True,0,10.0,0,85,2,10,10.0,500.0,0.0001,L1,0.0001,133.29,0.22,0.2,-1.54756337083e-05,-1.28130679965e-05,499.0,0.2
Q,True,0,10.0,0,10,2,100,100.0,20.0,0.01,L2,0.001,152.66,0.7,0.71,4.09177071787e-05,4.23058211459e-05,16.0,0.7
G,True,0,10.0,0,85,2,10,10.0,500.0,0.0001,L1,0.001,132.07,0.2,0.19,-3.69955851928e-05,4.61667521084e-06,227.0,0.19
Q,True,0,10.0,0,10,2,100,100.0,20.0,0.01,L2,0.01,152.03,0.71,0.78,-0.000286854763733,-0.0016179122112,19.0,0.78
G,True,0,10.0,0,85,2,10,10.0,500.0,0.0001,L1,0.01,134.04,0.07,0.44,-0.000137305944392,0.000471273011139,41.0,0.19
Q,True,0,10.0,0,10,2,100,100.0,20.0,0.01,L2,0.1,152.94,0.71,0.79,-0.000202233422191,-0.0007143637248189999,19.0,0.79
G,True,0,10.0,0,85,2,10,10.0,500.0,0.0001,L1,0.1,132.49,0.09,0.42,-6.52590361295e-05,0.000147194155753,88.0,0.29
G,True,0,10.0,0,85,2,10,10.0,500.0,0.001,L2,0.0001,135.96,0.23,0.2,-2.13932722232e-05,-1.89353124854e-05,499.0,0.2
Q,True,0,10.0,0,10,2,100,100.0,20.0,0.01,L1,0.0001,174.68,0.69,0.69,2.456594212e-05,6.17907246895e-05,19.0,0.69
G,True,0,10.0,0,85,2,10,10.0,500.0,0.001,L2,0.001,134.51,0.21,0.19,-1.44039012022e-05,1.11711795686e-06,256.0,0.19
Q,True,0,10.0,0,10,2,100,100.0,20.0,0.01,L1,0.001,174.51,0.7,0.71,-2.03492886808e-06,0.0,19.0,0.71
G,True,0,10.0,0,85,2,10,10.0,500.0,0.001,L2,0.01,133.66,0.18,0.2,-4.25221052316e-05,2.09484084448e-05,107.0,0.19
Q,True,0,10.0,0,10,2,100,100.0,20.0,0.01,L1,0.01,173.96,0.71,0.79,-0.000408168649118,-0.00231260238882,19.0,0.79
G,True,0,10.0,0,85,2,10,10.0,500.0,0.001,L2,0.1,134.87,0.19,0.2,-5.9041619977199994e-06,3.79829426295e-06,5.0,0.19
Q,True,0,10.0,0,10,2,100,100.0,20.0,0.01,L1,0.1,173.45,0.71,0.79,-0.000224994202633,-0.0004555595270009999,19.0,0.79
G,True,0,10.0,0,85,2,10,10.0,500.0,0.001,L1,0.0001,133.01,0.22,0.2,-1.40323985455e-05,-1.29204921471e-05,499.0,0.2
G,True,0,10.0,0,85,2,10,10.0,500.0,0.001,L1,0.001,134.28,0.22,0.19,1.00010731299e-06,-1.7900918115599998e-06,499.0,0.19
Q,True,0,10.0,0,10,2,100,100.0,20.0,0.1,L2,0.0001,152.08,0.69,0.69,-8.29502107269e-06,5.19266474053e-06,19.0,0.69
G,True,0,10.0,0,85,2,10,10.0,500.0,0.001,L1,0.01,133.14,0.22,0.19,3.13353980652e-07,1.0712121918100001e-06,190.0,0.19
Q,True,0,10.0,0,10,2,100,100.0,20.0,0.1,L2,0.001,151.5,0.7,0.71,-1.09033041795e-06,-0.00023831650433400002,19.0,0.71
G,True,0,10.0,0,85,2,10,10.0,500.0,0.001,L1,0.1,133.95,0.22,0.2,-7.278317532e-07,1.32893694366e-06,67.0,0.19
Q,True,0,10.0,0,10,2,100,100.0,20.0,0.1,L2,0.01,152.4,0.71,0.8,-0.00042173129578099996,-0.00214015726923,19.0,0.8
G,True,0,10.0,0,85,2,10,10.0,500.0,0.01,L2,0.0001,134.34,0.22,0.19,-9.72740000552e-06,-1.0709325628e-05,499.0,0.19
Q,True,0,10.0,0,10,2,100,100.0,20.0,0.1,L2,0.1,152.11,0.71,0.79,-0.000231843605132,-0.000481220027999,19.0,0.79
G,True,0,10.0,0,85,2,10,10.0,500.0,0.01,L2,0.001,135.53,0.22,0.19,2.25217558403e-06,1.20520109986e-06,316.0,0.19
Q,True,0,10.0,0,10,2,100,100.0,20.0,0.1,L1,0.0001,174.5,0.69,0.69,-6.12712508063e-07,1.30759836774e-05,19.0,0.69
G,True,0,10.0,0,85,2,10,10.0,500.0,0.01,L2,0.01,133.88,0.22,0.19,2.6453904344900002e-09,2.14848301289e-07,309.0,0.19
G,True,0,10.0,0,85,2,10,10.0,500.0,0.01,L2,0.1,133.74,0.22,0.2,-7.847825164439998e-07,4.34357086271e-07,57.0,0.19
Q,True,0,10.0,0,10,2,100,100.0,20.0,0.1,L1,0.001,173.95,0.69,0.7,-6.64835620778e-07,-1.11022302463e-16,19.0,0.7
G,True,0,10.0,0,85,2,10,10.0,500.0,0.01,L1,0.0001,134.62,0.22,0.2,-6.37589001179e-07,-2.45164748097e-06,499.0,0.2
Q,True,0,10.0,0,10,2,100,100.0,20.0,0.1,L1,0.01,174.25,0.7,0.74,-0.00015972861941799998,-0.000557248384118,19.0,0.74
G,True,0,10.0,0,85,2,10,10.0,500.0,0.01,L1,0.001,132.93,0.22,0.19,4.10983860638e-07,-1.0525702567899999e-06,499.0,0.19
Q,True,0,10.0,0,10,2,100,100.0,20.0,0.1,L1,0.1,173.86,0.71,0.78,-0.00019394691101400004,-8.10770559675e-05,19.0,0.78
G,True,0,10.0,0,85,2,10,10.0,500.0,0.01,L1,0.01,136.09,0.22,0.2,-7.74151041605e-08,1.86419352177e-09,20.0,0.2
Q,True,0,10.0,0,10,2,100,100.0,20.0,1.0,L2,0.0001,151.05,0.69,0.7,2.8720898825900004e-07,0.0,19.0,0.7
G,True,0,10.0,0,85,2,10,10.0,500.0,0.01,L1,0.1,132.51,0.22,0.2,-7.16651235244e-07,5.32693293565e-06,183.0,0.19
Q,True,0,10.0,0,10,2,100,100.0,20.0,1.0,L2,0.001,152.15,0.7,0.7,-8.201412217130002e-07,0.000195484466685,19.0,0.7
G,True,0,10.0,0,85,2,10,10.0,500.0,0.1,L2,0.0001,135.39,0.23,0.2,-1.6907688353e-05,-1.97045253297e-05,499.0,0.2
G,True,0,10.0,0,85,2,10,10.0,500.0,0.1,L2,0.001,133.88,0.22,0.19,-8.629962290620001e-07,-1.9322365661400003e-06,499.0,0.19
Q,True,0,10.0,0,10,2,100,100.0,20.0,1.0,L2,0.01,151.85,0.71,0.79,-0.00039133820241199995,-0.00211318619128,19.0,0.79
G,True,0,10.0,0,85,2,10,10.0,500.0,0.1,L2,0.01,134.38,0.22,0.19,-1.05665877187e-07,5.27799785655e-07,408.0,0.19
Q,True,0,10.0,0,10,2,100,100.0,20.0,1.0,L2,0.1,152.29,0.71,0.79,-0.000212075116852,-0.000586155541655,19.0,0.79
G,True,0,10.0,0,85,2,10,10.0,500.0,0.1,L2,0.1,135.64,0.22,0.2,-8.33198152222e-07,3.3602087896900007e-06,145.0,0.19
Q,True,0,10.0,0,10,2,100,100.0,20.0,1.0,L1,0.0001,174.03,0.69,0.69,-1.02788905648e-05,-1.30759836775e-05,19.0,0.69
G,True,0,10.0,0,85,2,10,10.0,500.0,0.1,L1,0.0001,133.19,0.23,0.21,-2.98122022376e-05,-3.6204035979e-05,499.0,0.21
Q,True,0,10.0,0,10,2,100,100.0,20.0,1.0,L1,0.001,174.53,0.69,0.69,-2.43808518829e-06,-5.23039347096e-05,19.0,0.69
G,True,0,10.0,0,85,2,10,10.0,500.0,0.1,L1,0.001,132.51,0.22,0.19,-2.03225878903e-06,-2.93773593699e-06,499.0,0.19
G,True,0,10.0,0,85,2,10,10.0,500.0,0.1,L1,0.01,133.29,0.22,0.19,-2.99877463528e-07,1.39814512745e-08,498.0,0.19
Q,True,0,10.0,0,10,2,100,100.0,20.0,1.0,L1,0.01,174.26,0.7,0.7,-9.1705829917e-05,-0.000173755696542,19.0,0.7
G,True,0,10.0,0,85,2,10,10.0,500.0,0.1,L1,0.1,137.25,0.22,0.19,-4.24859681991e-07,4.5651768654e-06,277.0,0.19
Q,True,0,10.0,0,10,2,100,100.0,20.0,1.0,L1,0.1,178.3,0.71,0.78,-0.00020465980627200009,-0.000383145186112,19.0,0.78
G,True,0,10.0,0,85,2,10,10.0,500.0,1.0,L2,0.0001,138.44,0.23,0.21,-2.99912402638e-05,-3.74087710305e-05,499.0,0.21
G,True,0,10.0,0,85,2,10,10.0,500.0,1.0,L2,0.001,138.18,0.22,0.19,-2.99173689841e-06,-2.9938947663200003e-06,499.0,0.19
G,True,0,10.0,0,85,2,10,10.0,500.0,1.0,L2,0.01,136.75,0.22,0.19,-4.18570640648e-07,-2.1717854314899998e-07,499.0,0.19
G,True,0,10.0,0,85,2,10,10,500,0.01,L2,0.0001,139.47,0.23,0.21,-3.25708453021e-05,-3.48343198024e-05,499,0.21
